<?xml version="1.0" encoding="UTF-8"?>
<?xml-stylesheet href="./LIBRARY/STYLE.XSL" type="text/xsl"?>
<Dimap_Document xsi:noNamespaceSchemaLocation="system_ortho_or_rectified_product.xsd" version="2.12" xmlns:xlink="http://www.w3.org/1999/xlink" xmlns:xsi="http://www.w3.org/2001/XMLSchema-instance">
    <Metadata_Identification>
        <METADATA_FORMAT version="2.12">DIMAP</METADATA_FORMAT>
        <METADATA_PROFILE>S6_ORTHO</METADATA_PROFILE>
        <METADATA_SUBPROFILE>PRODUCT</METADATA_SUBPROFILE>
        <METADATA_LANGUAGE>en</METADATA_LANGUAGE>
    </Metadata_Identification>
    <Dataset_Identification>
        <DATASET_TYPE>RASTER_ORTHO</DATASET_TYPE>
        <DATASET_NAME version="1.0">ORT_SPOT6_20230905_103436900_000</DATASET_NAME>
        <DATASET_TN_PATH href="ICON_SPOT6_P_202309051034367_ORT_a7f4e2b3-ba93-4f14-cf78-afda1bc5e4cc.JPG"></DATASET_TN_PATH>
        <DATASET_TN_FORMAT>image/jpeg</DATASET_TN_FORMAT>
        <DATASET_QL_PATH href="PREVIEW_SPOT6_P_202309051034367_ORT_a7f4e2b3-ba93-4f14-cf78-afda1bc5e4cc.JPG"></DATASET_QL_PATH>
        <DATASET_QL_FORMAT>image/jpeg</DATASET_QL_FORMAT>
        <Legal_Constraints>
            <COPYRIGHT>COPYRIGHT AIRBUS DS, France, all right reserved</COPYRIGHT>
            <LICENSE>EULA</LICENSE>
            <RESTRICTIONS>NA</RESTRICTIONS>
        </Legal_Constraints>
        <Security_Constraints>
            <CLASSIFICATION_LEVEL>NA</CLASSIFICATION_LEVEL>
            <CLASSIFICATION_COMMENTS>NA</CLASSIFICATION_COMMENTS>
            <RESTRICTIONS>NA</RESTRICTIONS>
        </Security_Constraints>
    </Dataset_Identification>
    <Dataset_Content>
        <SURFACE_AREA unit="square km">0.178</SURFACE_AREA>
        <CLOUD_COVERAGE unit="percent">0.000</CLOUD_COVERAGE>
        <SNOW_COVERAGE unit="percent">0.000</SNOW_COVERAGE>
        <Dataset_Components>
            <Component>
                <COMPONENT_TITLE>Processing</COMPONENT_TITLE>
                <COMPONENT_CONTENT>Lineage Information</COMPONENT_CONTENT>
                <COMPONENT_TYPE>DIMAP</COMPONENT_TYPE>
                <COMPONENT_PATH href="LINEAGE/PROCESSING_SPOT6_P_202309051034367_ORT_a7f4e2b3-ba93-4f14-cf78-afda1bc5e4cc_DIM.XML"></COMPONENT_PATH>
            </Component>
            <Component>
                <COMPONENT_TITLE>Strip Source</COMPONENT_TITLE>
                <COMPONENT_CONTENT>Lineage Information</COMPONENT_CONTENT>
                <COMPONENT_TYPE>DIMAP</COMPONENT_TYPE>
                <COMPONENT_PATH href="LINEAGE/STRIP_DS_SPOT6_202309051034367_FR1_FR1_FR1_FR1_E001N44_01140_DIM.XML"></COMPONENT_PATH>
            </Component>
            <Component>
                <COMPONENT_TITLE>Source for Ground reset</COMPONENT_TITLE>
                <COMPONENT_CONTENT>Lineage Information</COMPONENT_CONTENT>
                <COMPONENT_TYPE>DIMAP</COMPONENT_TYPE>
                <COMPONENT_PATH href="LINEAGE/GROUND_R3D_OR_N43E001_DIM.XML"></COMPONENT_PATH>
            </Component>
            <Component>
                <COMPONENT_TITLE>LUT</COMPONENT_TITLE>
                <COMPONENT_CONTENT>Look Up Table</COMPONENT_CONTENT>
                <COMPONENT_TYPE>DIMAP</COMPONENT_TYPE>
                <COMPONENT_PATH href="LUT_SPOT6_P_202309051034367_ORT_a7f4e2b3-ba93-4f14-cf78-afda1bc5e4cc.XML"></COMPONENT_PATH>
            </Component>
        </Dataset_Components>
        <Dataset_Extent>
            <EXTENT_TYPE>Bounding_Box</EXTENT_TYPE>
            <Vertex>
                <LON>1.3683333333333343</LON>
                <LAT>43.60266666666671</LAT>
                <COL>1</COL>
                <ROW>1</ROW>
            </Vertex>
            <Vertex>
                <LON>1.3736527777777787</LON>
                <LAT>43.60266666666671</LAT>
                <COL>384</COL>
                <ROW>1</ROW>
            </Vertex>
            <Vertex>
                <LON>1.3736527777777787</LON>
                <LAT>43.59512500000004</LAT>
                <COL>384</COL>
                <ROW>544</ROW>
            </Vertex>
            <Vertex>
                <LON>1.3683333333333343</LON>
                <LAT>43.59512500000004</LAT>
                <COL>1</COL>
                <ROW>544</ROW>
            </Vertex>
            <Center>
                <LON>1.3709930555555565</LON>
                <LAT>43.59889583333337</LAT>
                <COL>193</COL>
                <ROW>273</ROW>
            </Center>
        </Dataset_Extent>
    </Dataset_Content>
    <Product_Information>
        <Producer_Information>
            <PRODUCER_NAME>AIRBUS DS GEO</PRODUCER_NAME>
            <PRODUCER_URL href="http://www.geo-airbusds.com/"></PRODUCER_URL>
            <PRODUCER_CONTACT>contact@geo-airbusds.com</PRODUCER_CONTACT>
            <PRODUCER_ADDRESS>5 rue des satellites - BP 14359 - F 31030 Toulouse Cedex 4 - France</PRODUCER_ADDRESS>
        </Producer_Information>
        <Distributor_Information>
            <DISTRIBUTOR_NAME>AIRBUS DS GEO</DISTRIBUTOR_NAME>
            <DISTRIBUTOR_URL href="http://www.geo-airbusds.com/"></DISTRIBUTOR_URL>
            <DISTRIBUTOR_CONTACT>contact@geo-airbusds.com</DISTRIBUTOR_CONTACT>
            <DISTRIBUTOR_ADDRESS>5 rue des satellites - BP 14359 - F 31030 Toulouse Cedex 4 - France</DISTRIBUTOR_ADDRESS>
        </Distributor_Information>
        <Delivery_Identification>
            <PRODUCTION_DATE>2023-10-01T20:53:05.000Z</PRODUCTION_DATE>
            <JOB_ID>a7f4e2b3-ba93-4f14-cf78-afda1bc5e4cc</JOB_ID>
            <PRODUCT_CODE></PRODUCT_CODE>
            <PRODUCT_TYPE>NA</PRODUCT_TYPE>
            <PRODUCT_INFO>SPOT</PRODUCT_INFO>
            <DELIVERY_TYPE>NETWORK</DELIVERY_TYPE>
            <Order_Identification>
                <CUSTOMER_REFERENCE>C301000</CUSTOMER_REFERENCE>
                <INTERNAL_REFERENCE>0a6652d6-4e2e-410a-8655-23c7e1c36b9e</INTERNAL_REFERENCE>
                <COMMERCIAL_REFERENCE>1f43deb4-3292-4c02-82b2-d7997a28d460</COMMERCIAL_REFERENCE>
                <COMMERCIAL_ITEM></COMMERCIAL_ITEM>
                <COMMENT>20-0004-03-3271/OneAtlas Living Library - Cdes Auto</COMMENT>
            </Order_Identification>
        </Delivery_Identification>
    </Product_Information>
    <Coordinate_Reference_System>
        <Geodetic_CRS>
            <CRS_TABLES version="6.3">EPSG</CRS_TABLES>
            <GEODETIC_CRS_TYPE>GEOGRAPHIC2D</GEODETIC_CRS_TYPE>
            <GEODETIC_CRS_NAME></GEODETIC_CRS_NAME>
            <GEODETIC_CRS_CODE>urn:ogc:def:crs:EPSG::4326</GEODETIC_CRS_CODE>
        </Geodetic_CRS>
        <Temporal_CRS>
            <CRS_TABLES version="0.0">ITU</CRS_TABLES>
            <TEMPORAL_CRS_NAME>UTC</TEMPORAL_CRS_NAME>
        </Temporal_CRS>
    </Coordinate_Reference_System>
    <Geoposition>
        <Raster_CRS>
            <RASTER_GEOMETRY>GROUND</RASTER_GEOMETRY>
            <PIXEL_ORIENTATION>UL</PIXEL_ORIENTATION>
            <PIXEL_CRS_TYPE>CELL</PIXEL_CRS_TYPE>
            <PIXEL_ORIGIN>1</PIXEL_ORIGIN>
        </Raster_CRS>
        <Geoposition_Insert>
            <ULXMAP>1.3683333333333343</ULXMAP>
            <ULYMAP>43.60266666666671</ULYMAP>
            <XDIM>1.3888888888889095e-05</XDIM>
            <YDIM>1.3888888888888447e-05</YDIM>
        </Geoposition_Insert>
    </Geoposition>
    <Processing_Information>
        <Production_Facility>
            <SOFTWARE version="20.7.0.2-one-atlas-mnt;v75.0.6">GeoPaaS;Format</SOFTWARE>
            <PROCESSING_CENTER>MPP-Public</PROCESSING_CENTER>
        </Production_Facility>
        <Product_Settings>
            <PROCESSING_LEVEL>ORTHO</PROCESSING_LEVEL>
            <SPECTRAL_PROCESSING>P</SPECTRAL_PROCESSING>
            <Geometric_Settings>
                <GEOMETRIC_PROCESSING>ORTHO</GEOMETRIC_PROCESSING>
                <EPHEMERIS_USED>CORRECTED</EPHEMERIS_USED>
                <ATTITUDES_USED>CORRECTED</ATTITUDES_USED>
                <GROUND_SETTING>false</GROUND_SETTING>
                <VERTICAL_SETTING>true</VERTICAL_SETTING>
                <VERTICAL_DESC>PAS_DEM R3D_DEM SRTM GTOPO30</VERTICAL_DESC>
            </Geometric_Settings>
            <Radiometric_Settings>
                <RADIOMETRIC_PROCESSING>REFLECTANCE</RADIOMETRIC_PROCESSING>
            </Radiometric_Settings>
            <Sampling_Settings>
                <RESAMPLING_SPACING unit="m">1.5000000000937903</RESAMPLING_SPACING>
                <RESAMPLING_KERNEL>OPTIMIZED_BICUBIC</RESAMPLING_KERNEL>
            </Sampling_Settings>
            <MTF_Settings>
                <PAN_RESTORATION>true</PAN_RESTORATION>
                <MS_RESTORATION>false</MS_RESTORATION>
            </MTF_Settings>
        </Product_Settings>
        <Processing_Lineage>
            <Component>
                <COMPONENT_TITLE>Processing</COMPONENT_TITLE>
                <COMPONENT_CONTENT>Lineage Information</COMPONENT_CONTENT>
                <COMPONENT_TYPE>DIMAP</COMPONENT_TYPE>
                <COMPONENT_PATH href="LINEAGE/PROCESSING_SPOT6_P_202309051034367_ORT_a7f4e2b3-ba93-4f14-cf78-afda1bc5e4cc_DIM.XML"></COMPONENT_PATH>
            </Component>
        </Processing_Lineage>
    </Processing_Information>
    <Raster_Data>
        <Data_Access>
            <DATA_FILE_ORGANISATION>BAND_COMPOSITE</DATA_FILE_ORGANISATION>
            <DATA_FILE_FORMAT>image/tiff</DATA_FILE_FORMAT>
            <DATA_FILE_TILES>true</DATA_FILE_TILES>
            <Data_Files>
                <Data_File tile_R="1" tile_C="1">
                    <DATA_FILE_PATH href="IMG_SPOT6_P_202309051034367_ORT_a7f4e2b3-ba93-4f14-cf78-afda1bc5e4cc_R1C1.TIF"></DATA_FILE_PATH>
                </Data_File>
            </Data_Files>
        </Data_Access>
        <Raster_Dimensions>
            <NROWS>544</NROWS>
            <NCOLS>384</NCOLS>
            <NBANDS>1</NBANDS>
            <Tile_Set>
                <NTILES>1</NTILES>
                <Regular_Tiling>
                    <NTILES_SIZE ncols="384" nrows="544"></NTILES_SIZE>
                    <NTILES_COUNT ntiles_C="1" ntiles_R="1"></NTILES_COUNT>
                    <OVERLAP_ROW>0</OVERLAP_ROW>
                    <OVERLAP_COL>0</OVERLAP_COL>
                </Regular_Tiling>
            </Tile_Set>
        </Raster_Dimensions>
        <Raster_Encoding>
            <DATA_TYPE>INTEGER</DATA_TYPE>
            <NBITS>16</NBITS>
            <SIGN>UNSIGNED</SIGN>
            <COMPRESSION_TYPE>LOSSLESS</COMPRESSION_TYPE>
            <COMPRESSION_RATIO>0.9988118262732226</COMPRESSION_RATIO>
        </Raster_Encoding>
        <Raster_Display>
            <Band_Display_Order>
                <RED_CHANNEL>P</RED_CHANNEL>
                <GREEN_CHANNEL>P</GREEN_CHANNEL>
                <BLUE_CHANNEL>P</BLUE_CHANNEL>
                <ALPHA_CHANNEL></ALPHA_CHANNEL>
            </Band_Display_Order>
            <Special_Value>
                <SPECIAL_VALUE_TEXT>NODATA</SPECIAL_VALUE_TEXT>
                <SPECIAL_VALUE_COUNT>0</SPECIAL_VALUE_COUNT>
            </Special_Value>
            <Special_Value>
                <SPECIAL_VALUE_TEXT>SATURATED</SPECIAL_VALUE_TEXT>
                <SPECIAL_VALUE_COUNT>32767</SPECIAL_VALUE_COUNT>
            </Special_Value>
        </Raster_Display>
    </Raster_Data>
    <Radiometric_Data>
        <Dynamic_Range>
            <ACQUISITION_RANGE>12</ACQUISITION_RANGE>
            <PRODUCT_RANGE>16</PRODUCT_RANGE>
        </Dynamic_Range>
        <Histogram_Band_List>
            <Histogram_Band>
                <BAND_ID>P</BAND_ID>
                <VALUES>2 0 0 0 0 1 0 1 1 0 2 0 2 0 0 1 0 0 1 1 0 1 1 1 4 1 2 2 3 1 0 1 6 7 2 0 5 3 4 6 2 9 5 4 4 4 4 1 11 7 7 13 10 12 9 12 7 17 7 14 13 11 19 11 14 23 17 27 18 13 24 32 26 28 23 28 28 44 26 37 32 44 29 44 40 41 41 43 43 43 49 45 37 58 51 51 71 62 63 69 78 67 90 75 50 66 77 67 65 83 84 96 91 114 101 101 99 101 104 122 127 97 125 118 118 106 118 134 135 158 145 163 152 143 168 159 144 151 150 160 176 182 182 180 165 218 186 182 182 180 183 198 205 204 191 238 212 210 193 234 224 211 233 207 253 227 228 221 218 240 209 255 251 223 245 247 249 244 264 272 251 264 228 230 268 273 289 267 271 264 269 274 274 283 277 278 264 276 291 271 266 269 283 254 299 288 296 312 301 314 293 321 301 270 277 283 311 297 328 298 328 318 290 295 310 320 307 302 307 292 301 326 303 317 287 307 334 293 313 326 273 352 323 315 317 335 329 339 327 300 350 322 336 348 308 343 316 334 316 323 336 327 302 327 307 326 290 314 317 345 318 298 300 337 289 305 346 276 314 312 317 340 296 318 304 341 331 277 319 304 319 319 299 288 285 316 298 298 300 301 293 283 309 298 295 312 286 296 272 270 295 317 278 259 271 276 288 303 298 294 276 295 277 290 282 273 275 293 271 266 286 265 283 289 262 268 267 287 269 263 261 244 261 248 249 252 220 263 221 230 246 231 232 248 252 217 231 217 209 216 216 208 201 232 200 225 214 229 227 211 190 216 202 194 220 212 203 206 223 206 212 200 190 184 185 211 191 197 192 165 195 177 192 189 175 159 175 184 169 176 179 185 163 177 188 167 169 174 162 158 169 153 154 155 166 154 155 156 165 166 156 146 158 153 141 155 138 135 138 157 163 132 155 149 150 131 128 153 125 151 146 148 127 123 122 136 129 139 131 137 134 155 134 138 126 123 131 149 132 137 134 131 134 118 125 126 120 114 130 120 124 121 116 139 108 131 109 109 107 94 122 110 89 88 111 99 102 92 101 100 125 112 99 92 98 104 98 111 110 102 97 99 89 90 67 102 80 92 84 90 90 100 88 77 92 76 73 76 77 86 83 97 88 79 73 75 81 81 78 82 82 76 73 74 60 72 58 74 72 69 68 69 69 65 84 71 71 68 76 62 68 59 63 63 69 69 73 60 54 63 57 56 67 57 57 57 60 41 54 74 44 54 63 52 57 47 56 60 44 55 58 54 57 48 52 53 55 45 53 54 44 54 67 50 61 51 47 57 45 46 50 53 49 47 50 52 50 43 51 46 45 49 53 46 47 36 42 50 42 35 50 42 44 36 38 50 31 34 47 48 48 46 36 42 29 33 35 40 46 31 32 39 32 23 31 38 33 35 38 26 45 34 24 29 37 30 38 36 41 30 19 32 33 30 30 34 24 25 24 26 39 27 27 17 30 34 21 25 34 16 10 36 31 24 26 30 30 25 37 35 24 35 21 34 20 26 21 25 32 28 24 34 23 24 27 19 21 25 19 20 18 19 22 18 21 14 23 20 19 18 18 24 15 19 19 18 29 22 16 19 21 16 19 20 16 14 16 11 21 18 25 14 22 18 16 17 24 17 10 19 21 17 13 20 20 10 19 19 13 20 17 23 12 20 27 18 15 17 15 19 15 17 17 18 26 13 20 19 19 21 26 16 14 12 18 12 15 20 21 20 12 13 10 16 25 12 17 23 16 12 18 12 18 14 16 17 7 13 13 19 13 18 17 20 13 11 12 18 13 11 11 16 20 13 12 17 17 21 12 13 15 15 13 13 13 15 13 20 9 15 14 16 10 11 8 20 13 9 10 11 14 12 13 9 8 14 3 12 8 7 11 11 12 21 13 9 9 16 14 11 10 16 10 12 13 7 12 12 11 16 8 10 18 13 8 11 11 9 8 10 7 10 10 13 8 11 9 9 16 6 15 13 14 13 9 9 7 10 9 17 12 9 3 9 12 8 6 14 5 3 6 10 13 13 6 9 10 10 5 9 15 12 7 12 7 8 9 6 8 6 2 10 8 6 4 9 7 12 11 9 10 11 9 11 14 10 11 8 10 5 9 4 6 7 7 6 10 4 8 6 8 5 10 8 7 4 10 6 5 5 4 6 3 3 7 12 9 7 7 4 2 4 7 4 7 4 6 5 4 7 7 2 4 5 9 5 6 5 7 4 7 6 3 5 4 4 4 2 7 4 3 3 8 6 6 3 5 4 4 7 6 3 3 3 5 4 10 4 4 4 5 4 6 4 4 5 3 3 3 4 8 4 2 3 2 1 9 2 2 6 3 3 3 4 4 3 1 3 7 5 3 2 5 5 4 2 1 1 5 6 7 1 1 4 2 3 0 1 4 1 2 2 2 4 2 3 2 3 1 2 6 1 2 2 7 5 6 3 0 0 1 0 5 2 1 1 4 1 1 3 3 1 3 4 3 1 2 1 5 2 1 1 2 1 1 3 4 6 2 3 1 1 1 3 1 2 3 3 2 1 2 0 1 0 2 1 4 5 1 2 2 3 1 1 1 2 0 2 2 1 3 1 0 4 2 1 5 2 3 3 2 3 1 0 3 3 1 1 0 2 0 0 1 1 1 0 1 2 1 0 1 5 3 0 2 0 1 2 1 0 2 2 1 0 1 3 2 3 1 1 0 0 1 0 1 1 0 1 0 0 4 0 0 0 0 1 0 1 1 1 1 0 0 2 0 1 2 0 0 0 1 1 1 0 0 0 3 2 1 0 0 1 1 3 1 2 0 1 2 3 1 1 1 1 3 0 0 0 1 1 1 1 2 0 2 1 0 1 1 0 0 1 1 0 1 1 0 0 2 1 0 0 0 0 1 0 1 0 2 1 1 1 0 1 1 3 1 1 0 2 0 0 2 0 0 0 1 0 1 2 1 1 0 0 2 1 0 1 0 0 1 1 1 2 2 2 1 0 0 0 1 2 0 0 0 1 0 0 1 0 1 0 0 0 0 0 1 0 0 0 1 0 1 0 1 0 0 0 0 1 0 0 0 0 1 2 0 1 0 0 1 0 0 0 1 2 0 1 0 0 0 0 0 0 0 1 0 0 1 0 0 0 0 0 1 0 1 1 1 0 0 0 1 0 1 1 1 0 1 0 0 0 0 0 1 0 0 1 0 0 0 0 0 0 0 1 0 0 1 0 0 0 0 1 0 0 0 1 1 0 0 1 0 0 0 0 0 0 0 0 0 0 0 0 0 0 0 0 0 0 0 0 1 0 0 0 0 1 0 0 0 0 1 1 0 0 0 0 0 0 0 0 0 0 1 0 0 0 0 0 0 0 0 0 0 0 0 0 0 0 0 0 0 1 0 1 0 0 0 1 0 0 0 0 0 0 0 0 0 0 0 0 0 0 0 1 0 0 0 0 0 0 0 0 0 0 0 0 0 0 0 0 0 0 0 0 0 0 1 0 1 0 0 0 0 0 0 0 0 0 0 0 0 0 0 0 0 0 0 0 0 0 0 0 0 0 0 0 1 1 0 0 0 0 0 0 1 0 0 2 0 0 0 2 0 0 0 0 1 0 0 0 0 1 0 0 0 0 0 0 0 0 0 0 0 0 0 0 0 0 0 0 0 0 0 0 0 0 0 1 0 0 0 1</VALUES>
                <STEP>1</STEP>
                <MIN>1215</MIN>
                <MAX>2868</MAX>
                <MEAN>1554.2184828492218</MEAN>
                <STDV>176.6934530718151</STDV>
            </Histogram_Band>
        </Histogram_Band_List>
        <Straylight>
            <PAN_RAW_STRAYLIGHT_MIN_SIZE>20</PAN_RAW_STRAYLIGHT_MIN_SIZE>
            <XS_RAW_STRAYLIGHT_MIN_SIZE>5</XS_RAW_STRAYLIGHT_MIN_SIZE>
        </Straylight>
        <Radiometric_Calibration>
            <Instrument_Calibration>
                <Band_Measurement_List>
                    <Band_Spectral_Range>
                        <BAND_ID>P</BAND_ID>
                        <CALIBRATION_DATE>2011-09-19T12:00:00Z</CALIBRATION_DATE>
                        <MEASURE_DESC>Spectral Range values of raw radiometric Band</MEASURE_DESC>
                        <MEASURE_UNIT>nanometers</MEASURE_UNIT>
                        <MEASURE_UNCERTAINTY>0.008</MEASURE_UNCERTAINTY>
                        <MIN>452</MIN>
                        <MAX>748</MAX>
                    </Band_Spectral_Range>
                    <Band_Reflectance>
                        <BAND_ID>P</BAND_ID>
                        <CALIBRATION_DATE>2023-09-06T01:01:58Z</CALIBRATION_DATE>
                        <MEASURE_DESC>Reflectance gained value (RHO') to Reflectance (RHO). Formulae RHO=RHO'/GAIN+BIAS</MEASURE_DESC>
                        <MEASURE_UNIT></MEASURE_UNIT>
                        <MEASURE_UNCERTAINTY></MEASURE_UNCERTAINTY>
                        <GAIN>10000</GAIN>
                        <BIAS>0</BIAS>
                    </Band_Reflectance>
                    <Band_Radiance>
                        <BAND_ID>P</BAND_ID>
                        <CALIBRATION_DATE>2023-09-06T01:01:58Z</CALIBRATION_DATE>
                        <MEASURE_DESC>Reflectance (RHO) to TOA Radiance (L). Formulae L=RHO/GAIN+BIAS</MEASURE_DESC>
                        <MEASURE_UNIT>watt/m2/steradians/micrometers</MEASURE_UNIT>
                        <MEASURE_UNCERTAINTY>4</MEASURE_UNCERTAINTY>
                        <GAIN>0.002928917390202652</GAIN>
                        <BIAS>11.562355010421838</BIAS>
                    </Band_Radiance>
                    <Band_Digital_Number>
                        <BAND_ID>P</BAND_ID>
                        <CALIBRATION_DATE>2023-09-06T01:01:58Z</CALIBRATION_DATE>
                        <MEASURE_DESC>TOA Radiance (L) to Raw radiometric count (DN). Formulae DN=L/GAIN+BIAS</MEASURE_DESC>
                        <MEASURE_UNIT></MEASURE_UNIT>
                        <MEASURE_UNCERTAINTY></MEASURE_UNCERTAINTY>
                        <GAIN>0.0998003992015968</GAIN>
                        <BIAS>-0.0</BIAS>
                    </Band_Digital_Number>
                    <Band_Solar_Irradiance>
                        <BAND_ID>P</BAND_ID>
                        <CALIBRATION_DATE>2011-09-20T12:00:00Z</CALIBRATION_DATE>
                        <MEASURE_DESC>Solar irradiance value of raw radiometric Band</MEASURE_DESC>
                        <MEASURE_UNIT>watt/m2/micron</MEASURE_UNIT>
                        <MEASURE_UNCERTAINTY>5.836327871</MEASURE_UNCERTAINTY>
                        <VALUE>1706.514896</VALUE>
                    </Band_Solar_Irradiance>
                </Band_Measurement_List>
            </Instrument_Calibration>
        </Radiometric_Calibration>
    </Radiometric_Data>
    <Geometric_Data>
        <Use_Area>
            <Located_Geometric_Values>
                <LOCATION_TYPE>TopLeft</LOCATION_TYPE>
                <COL>1</COL>
                <ROW>1</ROW>
                <TIME>2023-09-05T10:34:38.469Z</TIME>
                <SATELLITE_ALTITUDE>704060.4271257725</SATELLITE_ALTITUDE>
                <Acquisition_Angles>
                    <AZIMUTH_ANGLE>321.06814749132093</AZIMUTH_ANGLE>
                    <VIEWING_ANGLE_ACROSS_TRACK>12.273037645724555</VIEWING_ANGLE_ACROSS_TRACK>
                    <VIEWING_ANGLE_ALONG_TRACK>8.895854221635952</VIEWING_ANGLE_ALONG_TRACK>
                    <VIEWING_ANGLE>15.002687790457804</VIEWING_ANGLE>
                    <INCIDENCE_ANGLE_ALONG_TRACK>-13.141520364269446</INCIDENCE_ANGLE_ALONG_TRACK>
                    <INCIDENCE_ANGLE_ACROSS_TRACK>-10.678443831495033</INCIDENCE_ANGLE_ACROSS_TRACK>
                    <INCIDENCE_ANGLE>16.704903759589758</INCIDENCE_ANGLE>
                </Acquisition_Angles>
                <Solar_Incidences>
                    <SUN_AZIMUTH>149.11454338645171</SUN_AZIMUTH>
                    <SUN_ELEVATION>49.37265073341288</SUN_ELEVATION>
                </Solar_Incidences>
                <Ground_Sample_Distance>
                    <GSD_ACROSS_TRACK>2.332764339744422</GSD_ACROSS_TRACK>
                    <GSD_ALONG_TRACK>2.362879172024224</GSD_ALONG_TRACK>
                </Ground_Sample_Distance>
            </Located_Geometric_Values>
            <Located_Geometric_Values>
                <LOCATION_TYPE>TopCenter</LOCATION_TYPE>
                <COL>192</COL>
                <ROW>1</ROW>
                <TIME>2023-09-05T10:34:38.467Z</TIME>
                <SATELLITE_ALTITUDE>704060.4454171099</SATELLITE_ALTITUDE>
                <Acquisition_Angles>
                    <AZIMUTH_ANGLE>321.02200242080664</AZIMUTH_ANGLE>
                    <VIEWING_ANGLE_ACROSS_TRACK>12.288916955520074</VIEWING_ANGLE_ACROSS_TRACK>
                    <VIEWING_ANGLE_ALONG_TRACK>8.892054279778154</VIEWING_ANGLE_ALONG_TRACK>
                    <VIEWING_ANGLE>15.013166810082359</VIEWING_ANGLE>
                    <INCIDENCE_ANGLE_ALONG_TRACK>-13.142719364741797</INCIDENCE_ANGLE_ALONG_TRACK>
                    <INCIDENCE_ANGLE_ACROSS_TRACK>-10.696584096376093</INCIDENCE_ANGLE_ACROSS_TRACK>
                    <INCIDENCE_ANGLE>16.716638987588414</INCIDENCE_ANGLE>
                </Acquisition_Angles>
                <Solar_Incidences>
                    <SUN_AZIMUTH>149.11828621844313</SUN_AZIMUTH>
                    <SUN_ELEVATION>49.37363458760323</SUN_ELEVATION>
                </Solar_Incidences>
                <Ground_Sample_Distance>
                    <GSD_ACROSS_TRACK>2.3330586218340654</GSD_ACROSS_TRACK>
                    <GSD_ALONG_TRACK>2.361956063639734</GSD_ALONG_TRACK>
                </Ground_Sample_Distance>
            </Located_Geometric_Values>
            <Located_Geometric_Values>
                <LOCATION_TYPE>TopRight</LOCATION_TYPE>
                <COL>384</COL>
                <ROW>1</ROW>
                <TIME>2023-09-05T10:34:38.466Z</TIME>
                <SATELLITE_ALTITUDE>704060.4638306526</SATELLITE_ALTITUDE>
                <Acquisition_Angles>
                    <AZIMUTH_ANGLE>320.9756873008703</AZIMUTH_ANGLE>
                    <VIEWING_ANGLE_ACROSS_TRACK>12.304877102578532</VIEWING_ANGLE_ACROSS_TRACK>
                    <VIEWING_ANGLE_ALONG_TRACK>8.888234376419987</VIEWING_ANGLE_ALONG_TRACK>
                    <VIEWING_ANGLE>15.023709497192653</VIEWING_ANGLE>
                    <INCIDENCE_ANGLE_ALONG_TRACK>-13.143926569446208</INCIDENCE_ANGLE_ALONG_TRACK>
                    <INCIDENCE_ANGLE_ACROSS_TRACK>-10.714816760473639</INCIDENCE_ANGLE_ACROSS_TRACK>
                    <INCIDENCE_ANGLE>16.728445640887482</INCIDENCE_ANGLE>
                </Acquisition_Angles>
                <Solar_Incidences>
                    <SUN_AZIMUTH>149.12204877948534</SUN_AZIMUTH>
                    <SUN_ELEVATION>49.374623482051376</SUN_ELEVATION>
                </Solar_Incidences>
                <Ground_Sample_Distance>
                    <GSD_ACROSS_TRACK>2.333354488337675</GSD_ACROSS_TRACK>
                    <GSD_ALONG_TRACK>2.3629980945316653</GSD_ALONG_TRACK>
                </Ground_Sample_Distance>
            </Located_Geometric_Values>
            <Located_Geometric_Values>
                <LOCATION_TYPE>CenterLeft</LOCATION_TYPE>
                <COL>1</COL>
                <ROW>272</ROW>
                <TIME>2023-09-05T10:34:38.526Z</TIME>
                <SATELLITE_ALTITUDE>704059.6848970186</SATELLITE_ALTITUDE>
                <Acquisition_Angles>
                    <AZIMUTH_ANGLE>321.0511887776581</AZIMUTH_ANGLE>
                    <VIEWING_ANGLE_ACROSS_TRACK>12.281591547895605</VIEWING_ANGLE_ACROSS_TRACK>
                    <VIEWING_ANGLE_ALONG_TRACK>8.896614873917489</VIEWING_ANGLE_ALONG_TRACK>
                    <VIEWING_ANGLE>15.009897768597234</VIEWING_ANGLE>
                    <INCIDENCE_ANGLE_ALONG_TRACK>-13.14548651447509</INCIDENCE_ANGLE_ALONG_TRACK>
                    <INCIDENCE_ANGLE_ACROSS_TRACK>-10.68696439144624</INCIDENCE_ANGLE_ACROSS_TRACK>
                    <INCIDENCE_ANGLE>16.712974810396474</INCIDENCE_ANGLE>
                </Acquisition_Angles>
                <Solar_Incidences>
                    <SUN_AZIMUTH>149.1126299304014</SUN_AZIMUTH>
                    <SUN_ELEVATION>49.37596964708524</SUN_ELEVATION>
                </Solar_Incidences>
                <Ground_Sample_Distance>
                    <GSD_ACROSS_TRACK>2.3329259831476468</GSD_ACROSS_TRACK>
                    <GSD_ALONG_TRACK>2.3628794723373314</GSD_ALONG_TRACK>
                </Ground_Sample_Distance>
            </Located_Geometric_Values>
            <Located_Geometric_Values>
                <LOCATION_TYPE>Center</LOCATION_TYPE>
                <COL>192</COL>
                <ROW>272</ROW>
                <TIME>2023-09-05T10:34:38.525Z</TIME>
                <SATELLITE_ALTITUDE>704059.7038742686</SATELLITE_ALTITUDE>
                <Acquisition_Angles>
                    <AZIMUTH_ANGLE>321.00518345371785</AZIMUTH_ANGLE>
                    <VIEWING_ANGLE_ACROSS_TRACK>12.29743300474289</VIEWING_ANGLE_ACROSS_TRACK>
                    <VIEWING_ANGLE_ALONG_TRACK>8.892821180458816</VIEWING_ANGLE_ALONG_TRACK>
                    <VIEWING_ANGLE>15.020353914769174</VIEWING_ANGLE>
                    <INCIDENCE_ANGLE_ALONG_TRACK>-13.146694054063788</INCIDENCE_ANGLE_ALONG_TRACK>
                    <INCIDENCE_ANGLE_ACROSS_TRACK>-10.705055641713054</INCIDENCE_ANGLE_ACROSS_TRACK>
                    <INCIDENCE_ANGLE>16.724689937879052</INCIDENCE_ANGLE>
                </Acquisition_Angles>
                <Solar_Incidences>
                    <SUN_AZIMUTH>149.11637257145549</SUN_AZIMUTH>
                    <SUN_ELEVATION>49.376953520396306</SUN_ELEVATION>
                </Solar_Incidences>
                <Ground_Sample_Distance>
                    <GSD_ACROSS_TRACK>2.3332272537129652</GSD_ACROSS_TRACK>
                    <GSD_ALONG_TRACK>2.362914856806008</GSD_ALONG_TRACK>
                </Ground_Sample_Distance>
            </Located_Geometric_Values>
            <Located_Geometric_Values>
                <LOCATION_TYPE>CenterRight</LOCATION_TYPE>
                <COL>384</COL>
                <ROW>272</ROW>
                <TIME>2023-09-05T10:34:38.523Z</TIME>
                <SATELLITE_ALTITUDE>704059.7229745192</SATELLITE_ALTITUDE>
                <Acquisition_Angles>
                    <AZIMUTH_ANGLE>320.9590081746314</AZIMUTH_ANGLE>
                    <VIEWING_ANGLE_ACROSS_TRACK>12.313355208370622</VIEWING_ANGLE_ACROSS_TRACK>
                    <VIEWING_ANGLE_ALONG_TRACK>8.88900754607161</VIEWING_ANGLE_ALONG_TRACK>
                    <VIEWING_ANGLE>15.030873630552035</VIEWING_ANGLE>
                    <INCIDENCE_ANGLE_ALONG_TRACK>-13.14790981932544</INCIDENCE_ANGLE_ALONG_TRACK>
                    <INCIDENCE_ANGLE_ACROSS_TRACK>-10.723239196709764</INCIDENCE_ANGLE_ACROSS_TRACK>
                    <INCIDENCE_ANGLE>16.73647638916868</INCIDENCE_ANGLE>
                </Acquisition_Angles>
                <Solar_Incidences>
                    <SUN_AZIMUTH>149.12013494252005</SUN_AZIMUTH>
                    <SUN_ELEVATION>49.377942434587105</SUN_ELEVATION>
                </Solar_Incidences>
                <Ground_Sample_Distance>
                    <GSD_ACROSS_TRACK>2.333530109366219</GSD_ACROSS_TRACK>
                    <GSD_ALONG_TRACK>2.3625665467585657</GSD_ALONG_TRACK>
                </Ground_Sample_Distance>
            </Located_Geometric_Values>
            <Located_Geometric_Values>
                <LOCATION_TYPE>BottomLeft</LOCATION_TYPE>
                <COL>1</COL>
                <ROW>544</ROW>
                <TIME>2023-09-05T10:34:38.584Z</TIME>
                <SATELLITE_ALTITUDE>704058.9422508273</SATELLITE_ALTITUDE>
                <Acquisition_Angles>
                    <AZIMUTH_ANGLE>321.0344425096321</AZIMUTH_ANGLE>
                    <VIEWING_ANGLE_ACROSS_TRACK>12.290102669430917</VIEWING_ANGLE_ACROSS_TRACK>
                    <VIEWING_ANGLE_ALONG_TRACK>8.897363731247843</VIEWING_ANGLE_ALONG_TRACK>
                    <VIEWING_ANGLE>15.017068461546907</VIEWING_ANGLE>
                    <INCIDENCE_ANGLE_ALONG_TRACK>-13.149521954019944</INCIDENCE_ANGLE_ALONG_TRACK>
                    <INCIDENCE_ANGLE_ACROSS_TRACK>-10.695345592180123</INCIDENCE_ANGLE_ACROSS_TRACK>
                    <INCIDENCE_ANGLE>16.721015455346663</INCIDENCE_ANGLE>
                </Acquisition_Angles>
                <Solar_Incidences>
                    <SUN_AZIMUTH>149.11070813585664</SUN_AZIMUTH>
                    <SUN_ELEVATION>49.3793005167984</SUN_ELEVATION>
                </Solar_Incidences>
                <Ground_Sample_Distance>
                    <GSD_ACROSS_TRACK>2.3331051552723725</GSD_ACROSS_TRACK>
                    <GSD_ALONG_TRACK>2.36284747017809</GSD_ALONG_TRACK>
                </Ground_Sample_Distance>
            </Located_Geometric_Values>
            <Located_Geometric_Values>
                <LOCATION_TYPE>BottomCenter</LOCATION_TYPE>
                <COL>192</COL>
                <ROW>544</ROW>
                <TIME>2023-09-05T10:34:38.582Z</TIME>
                <SATELLITE_ALTITUDE>704058.9609867847</SATELLITE_ALTITUDE>
                <Acquisition_Angles>
                    <AZIMUTH_ANGLE>320.98842151809595</AZIMUTH_ANGLE>
                    <VIEWING_ANGLE_ACROSS_TRACK>12.305962540603455</VIEWING_ANGLE_ACROSS_TRACK>
                    <VIEWING_ANGLE_ALONG_TRACK>8.89356757931029</VIEWING_ANGLE_ALONG_TRACK>
                    <VIEWING_ANGLE>15.027541527922157</VIEWING_ANGLE>
                    <INCIDENCE_ANGLE_ALONG_TRACK>-13.150728926234233</INCIDENCE_ANGLE_ALONG_TRACK>
                    <INCIDENCE_ANGLE_ACROSS_TRACK>-10.713460536279209</INCIDENCE_ANGLE_ACROSS_TRACK>
                    <INCIDENCE_ANGLE>16.73274693682789</INCIDENCE_ANGLE>
                </Acquisition_Angles>
                <Solar_Incidences>
                    <SUN_AZIMUTH>149.11445112905156</SUN_AZIMUTH>
                    <SUN_ELEVATION>49.38028455186678</SUN_ELEVATION>
                </Solar_Incidences>
                <Ground_Sample_Distance>
                    <GSD_ACROSS_TRACK>2.3334033198465853</GSD_ACROSS_TRACK>
                    <GSD_ALONG_TRACK>2.362907066361635</GSD_ALONG_TRACK>
                </Ground_Sample_Distance>
            </Located_Geometric_Values>
            <Located_Geometric_Values>
                <LOCATION_TYPE>BottomRight</LOCATION_TYPE>
                <COL>384</COL>
                <ROW>544</ROW>
                <TIME>2023-09-05T10:34:38.581Z</TIME>
                <SATELLITE_ALTITUDE>704058.9742224505</SATELLITE_ALTITUDE>
                <Acquisition_Angles>
                    <AZIMUTH_ANGLE>320.9415051682905</AZIMUTH_ANGLE>
                    <VIEWING_ANGLE_ACROSS_TRACK>12.322166923948535</VIEWING_ANGLE_ACROSS_TRACK>
                    <VIEWING_ANGLE_ALONG_TRACK>8.88971074304531</VIEWING_ANGLE_ALONG_TRACK>
                    <VIEWING_ANGLE>15.038265092535164</VIEWING_ANGLE>
                    <INCIDENCE_ANGLE_ALONG_TRACK>-13.15190127354516</INCIDENCE_ANGLE_ALONG_TRACK>
                    <INCIDENCE_ANGLE_ACROSS_TRACK>-10.732007898055846</INCIDENCE_ANGLE_ACROSS_TRACK>
                    <INCIDENCE_ANGLE>16.744721134831423</INCIDENCE_ANGLE>
                </Acquisition_Angles>
                <Solar_Incidences>
                    <SUN_AZIMUTH>149.11821640648128</SUN_AZIMUTH>
                    <SUN_ELEVATION>49.381274297587815</SUN_ELEVATION>
                </Solar_Incidences>
                <Ground_Sample_Distance>
                    <GSD_ACROSS_TRACK>2.333655961823648</GSD_ACROSS_TRACK>
                    <GSD_ALONG_TRACK>2.3623047843626703</GSD_ALONG_TRACK>
                </Ground_Sample_Distance>
            </Located_Geometric_Values>
        </Use_Area>
    </Geometric_Data>
    <Quality_Assessment>
        <Planimetric_Accuracy_Measurement>
            <QUALITY_TABLES>DTED2</QUALITY_TABLES>
            <MEASURE_NAME>Absolute Horizontal Accuracy</MEASURE_NAME>
            <MEASURE_ID>AHA</MEASURE_ID>
            <MEASURE_DESC>Absolute Horizontal Accuracy</MEASURE_DESC>
            <MEASURE_TYPE>MATCHING</MEASURE_TYPE>
            <MEASURE_UNIT unit="m"></MEASURE_UNIT>
        </Planimetric_Accuracy_Measurement>
        <Imaging_Quality_Measurement>
            <QUALITY_TABLES>SPOT</QUALITY_TABLES>
            <MEASURE_NAME>Area_Of_Interest (ROI)</MEASURE_NAME>
            <MEASURE_DESC>Region of interest mask</MEASURE_DESC>
            <MEASURE_TYPE>AUTOMATIC</MEASURE_TYPE>
            <Quality_Mask>
                <Component>
                    <COMPONENT_TITLE>Area_Of_Interest Mask</COMPONENT_TITLE>
                    <COMPONENT_CONTENT>GML MASK</COMPONENT_CONTENT>
                    <COMPONENT_TYPE>ENCAPSULATED</COMPONENT_TYPE>
                    <COMPONENT_PATH href="MASKS/ROI_SPOT6_P_202309051034367_ORT_a7f4e2b3-ba93-4f14-cf78-afda1bc5e4cc_MSK.GML"></COMPONENT_PATH>
                </Component>
            </Quality_Mask>
        </Imaging_Quality_Measurement>
        <Imaging_Quality_Measurement>
            <QUALITY_TABLES>SPOT</QUALITY_TABLES>
            <MEASURE_NAME>Cloud_Cotation (CLD)</MEASURE_NAME>
            <MEASURE_DESC>Clouds mask</MEASURE_DESC>
            <MEASURE_TYPE>AUTOMATIC</MEASURE_TYPE>
            <Quality_Mask>
                <Component>
                    <COMPONENT_TITLE>Cloud_Cotation Mask</COMPONENT_TITLE>
                    <COMPONENT_CONTENT>GML MASK</COMPONENT_CONTENT>
                    <COMPONENT_TYPE>ENCAPSULATED</COMPONENT_TYPE>
                    <COMPONENT_PATH href="MASKS/CLD_SPOT6_P_202309051034367_ORT_a7f4e2b3-ba93-4f14-cf78-afda1bc5e4cc_MSK.GML"></COMPONENT_PATH>
                </Component>
            </Quality_Mask>
        </Imaging_Quality_Measurement>
        <Imaging_Quality_Measurement>
            <QUALITY_TABLES>SPOT</QUALITY_TABLES>
            <MEASURE_NAME>Detector_Quality (DET)</MEASURE_NAME>
            <MEASURE_DESC>Bad detector mask</MEASURE_DESC>
            <MEASURE_TYPE>AUTOMATIC</MEASURE_TYPE>
            <Quality_Mask>
                <Component>
                    <COMPONENT_TITLE>Detector_Quality Mask</COMPONENT_TITLE>
                    <COMPONENT_CONTENT>GML MASK</COMPONENT_CONTENT>
                    <COMPONENT_TYPE>ENCAPSULATED</COMPONENT_TYPE>
                    <COMPONENT_PATH href="MASKS/DET_SPOT6_P_202309051034367_ORT_a7f4e2b3-ba93-4f14-cf78-afda1bc5e4cc_MSK.GML"></COMPONENT_PATH>
                </Component>
            </Quality_Mask>
        </Imaging_Quality_Measurement>
        <Imaging_Quality_Measurement>
            <QUALITY_TABLES>SPOT</QUALITY_TABLES>
            <MEASURE_NAME>Saturation_Cotation (SLT)</MEASURE_NAME>
            <MEASURE_DESC>Saturation and associated ghosts mask</MEASURE_DESC>
            <MEASURE_TYPE>AUTOMATIC</MEASURE_TYPE>
            <Quality_Mask>
                <Component>
                    <COMPONENT_TITLE>Saturation_Cotation Mask</COMPONENT_TITLE>
                    <COMPONENT_CONTENT>GML MASK</COMPONENT_CONTENT>
                    <COMPONENT_TYPE>ENCAPSULATED</COMPONENT_TYPE>
                    <COMPONENT_PATH href="MASKS/SLT_SPOT6_P_202309051034367_ORT_a7f4e2b3-ba93-4f14-cf78-afda1bc5e4cc_MSK.GML"></COMPONENT_PATH>
                </Component>
            </Quality_Mask>
        </Imaging_Quality_Measurement>
        <Imaging_Quality_Measurement>
            <QUALITY_TABLES>SPOT</QUALITY_TABLES>
            <MEASURE_NAME>Snow_Cotation (SNW)</MEASURE_NAME>
            <MEASURE_DESC>Snow mask</MEASURE_DESC>
            <MEASURE_TYPE>AUTOMATIC</MEASURE_TYPE>
            <Quality_Mask>
                <Component>
                    <COMPONENT_TITLE>Snow_Cotation Mask</COMPONENT_TITLE>
                    <COMPONENT_CONTENT>GML MASK</COMPONENT_CONTENT>
                    <COMPONENT_TYPE>ENCAPSULATED</COMPONENT_TYPE>
                    <COMPONENT_PATH href="MASKS/SNW_SPOT6_P_202309051034367_ORT_a7f4e2b3-ba93-4f14-cf78-afda1bc5e4cc_MSK.GML"></COMPONENT_PATH>
                </Component>
            </Quality_Mask>
        </Imaging_Quality_Measurement>
        <Imaging_Quality_Measurement>
            <QUALITY_TABLES>SPOT</QUALITY_TABLES>
            <MEASURE_NAME>Technical_Index (QTE)</MEASURE_NAME>
            <MEASURE_DESC>QT mask</MEASURE_DESC>
            <MEASURE_TYPE>AUTOMATIC</MEASURE_TYPE>
            <Quality_Mask>
                <Component>
                    <COMPONENT_TITLE>Technical_Index Mask</COMPONENT_TITLE>
                    <COMPONENT_CONTENT>GML MASK</COMPONENT_CONTENT>
                    <COMPONENT_TYPE>ENCAPSULATED</COMPONENT_TYPE>
                    <COMPONENT_PATH href="MASKS/QTE_SPOT6_P_202309051034367_ORT_a7f4e2b3-ba93-4f14-cf78-afda1bc5e4cc_MSK.GML"></COMPONENT_PATH>
                </Component>
            </Quality_Mask>
        </Imaging_Quality_Measurement>
    </Quality_Assessment>
    <Dataset_Sources>
        
        <Source_Identification>
            <SOURCE_ID>DS_SPOT6_202309051034367_FR1_FR1_FR1_FR1_E001N44_01140</SOURCE_ID>
            <SOURCE_TYPE>Strip_Source</SOURCE_TYPE>
            <SOURCE_DESCRIPTION>SPOT 6 Data Strip</SOURCE_DESCRIPTION>
            <Strip_Source>
                <MISSION>SPOT</MISSION>
                <MISSION_INDEX>6</MISSION_INDEX>
                <INSTRUMENT>SPOT</INSTRUMENT>
                <INSTRUMENT_INDEX>6</INSTRUMENT_INDEX>
                <IMAGING_DATE>2023-09-05</IMAGING_DATE>
                <IMAGING_TIME>10:34:36.7</IMAGING_TIME>
                <BAND_MODE>PMS</BAND_MODE>
            </Strip_Source>
            <Component>
                <COMPONENT_TITLE>Strip Source</COMPONENT_TITLE>
                <COMPONENT_CONTENT>Lineage Information</COMPONENT_CONTENT>
                <COMPONENT_TYPE>DIMAP</COMPONENT_TYPE>
                <COMPONENT_PATH href="LINEAGE/STRIP_DS_SPOT6_202309051034367_FR1_FR1_FR1_FR1_E001N44_01140_DIM.XML"></COMPONENT_PATH>
            </Component>
        </Source_Identification>
        <Source_Identification>
            <SOURCE_ID>R3D_OR_N43E001</SOURCE_ID>
            <SOURCE_TYPE>Ground_Source</SOURCE_TYPE>
            <SOURCE_DESCRIPTION>One square degre MOSAIC post at 1/12th of the DTED2 DEM sampling</SOURCE_DESCRIPTION>
            <Component>
                <COMPONENT_TITLE>Source for Ground reset</COMPONENT_TITLE>
                <COMPONENT_CONTENT>Lineage Information</COMPONENT_CONTENT>
                <COMPONENT_TYPE>DIMAP</COMPONENT_TYPE>
                <COMPONENT_PATH href="LINEAGE/GROUND_R3D_OR_N43E001_DIM.XML"></COMPONENT_PATH>
            </Component>
        </Source_Identification>
    </Dataset_Sources>
</Dimap_Document>