<?xml version="1.0" encoding="UTF-8"?>
<?xml-stylesheet href="./LIBRARY/STYLE.XSL" type="text/xsl"?>
<Dimap_Document xsi:noNamespaceSchemaLocation="system_ortho_or_rectified_product.xsd" version="2.12" xmlns:xlink="http://www.w3.org/1999/xlink" xmlns:xsi="http://www.w3.org/2001/XMLSchema-instance">
    <Metadata_Identification>
        <METADATA_FORMAT version="2.12">DIMAP</METADATA_FORMAT>
        <METADATA_PROFILE>S6_ORTHO</METADATA_PROFILE>
        <METADATA_SUBPROFILE>PRODUCT</METADATA_SUBPROFILE>
        <METADATA_LANGUAGE>en</METADATA_LANGUAGE>
    </Metadata_Identification>
    <Dataset_Identification>
        <DATASET_TYPE>RASTER_ORTHO</DATASET_TYPE>
        <DATASET_NAME version="1.0">ORT_SPOT6_20230905_103436900_000</DATASET_NAME>
        <DATASET_TN_PATH href="ICON_SPOT6_MS_202309051034367_ORT_a7f4e2b3-ba93-4f14-cf78-afda1bc5e4cc.JPG"></DATASET_TN_PATH>
        <DATASET_TN_FORMAT>image/jpeg</DATASET_TN_FORMAT>
        <DATASET_QL_PATH href="PREVIEW_SPOT6_MS_202309051034367_ORT_a7f4e2b3-ba93-4f14-cf78-afda1bc5e4cc.JPG"></DATASET_QL_PATH>
        <DATASET_QL_FORMAT>image/jpeg</DATASET_QL_FORMAT>
        <Legal_Constraints>
            <COPYRIGHT>COPYRIGHT AIRBUS DS, France, all right reserved</COPYRIGHT>
            <LICENSE>EULA</LICENSE>
            <RESTRICTIONS>NA</RESTRICTIONS>
        </Legal_Constraints>
        <Security_Constraints>
            <CLASSIFICATION_LEVEL>NA</CLASSIFICATION_LEVEL>
            <CLASSIFICATION_COMMENTS>NA</CLASSIFICATION_COMMENTS>
            <RESTRICTIONS>NA</RESTRICTIONS>
        </Security_Constraints>
    </Dataset_Identification>
    <Dataset_Content>
        <SURFACE_AREA unit="square km">0.178</SURFACE_AREA>
        <CLOUD_COVERAGE unit="percent">0.000</CLOUD_COVERAGE>
        <SNOW_COVERAGE unit="percent">0.000</SNOW_COVERAGE>
        <Dataset_Components>
            <Component>
                <COMPONENT_TITLE>Processing</COMPONENT_TITLE>
                <COMPONENT_CONTENT>Lineage Information</COMPONENT_CONTENT>
                <COMPONENT_TYPE>DIMAP</COMPONENT_TYPE>
                <COMPONENT_PATH href="LINEAGE/PROCESSING_SPOT6_MS_202309051034367_ORT_a7f4e2b3-ba93-4f14-cf78-afda1bc5e4cc_DIM.XML"></COMPONENT_PATH>
            </Component>
            <Component>
                <COMPONENT_TITLE>Strip Source</COMPONENT_TITLE>
                <COMPONENT_CONTENT>Lineage Information</COMPONENT_CONTENT>
                <COMPONENT_TYPE>DIMAP</COMPONENT_TYPE>
                <COMPONENT_PATH href="LINEAGE/STRIP_DS_SPOT6_202309051034367_FR1_FR1_FR1_FR1_E001N44_01140_DIM.XML"></COMPONENT_PATH>
            </Component>
            <Component>
                <COMPONENT_TITLE>Source for Ground reset</COMPONENT_TITLE>
                <COMPONENT_CONTENT>Lineage Information</COMPONENT_CONTENT>
                <COMPONENT_TYPE>DIMAP</COMPONENT_TYPE>
                <COMPONENT_PATH href="LINEAGE/GROUND_R3D_OR_N43E001_DIM.XML"></COMPONENT_PATH>
            </Component>
            <Component>
                <COMPONENT_TITLE>LUT</COMPONENT_TITLE>
                <COMPONENT_CONTENT>Look Up Table</COMPONENT_CONTENT>
                <COMPONENT_TYPE>DIMAP</COMPONENT_TYPE>
                <COMPONENT_PATH href="LUT_SPOT6_MS_202309051034367_ORT_a7f4e2b3-ba93-4f14-cf78-afda1bc5e4cc.XML"></COMPONENT_PATH>
            </Component>
        </Dataset_Components>
        <Dataset_Extent>
            <EXTENT_TYPE>Bounding_Box</EXTENT_TYPE>
            <Vertex>
                <LON>1.3683333333333343</LON>
                <LAT>43.60266666666671</LAT>
                <COL>1</COL>
                <ROW>1</ROW>
            </Vertex>
            <Vertex>
                <LON>1.3736111111111122</LON>
                <LAT>43.60266666666671</LAT>
                <COL>96</COL>
                <ROW>1</ROW>
            </Vertex>
            <Vertex>
                <LON>1.3736111111111122</LON>
                <LAT>43.59516666666671</LAT>
                <COL>96</COL>
                <ROW>136</ROW>
            </Vertex>
            <Vertex>
                <LON>1.3683333333333343</LON>
                <LAT>43.59516666666671</LAT>
                <COL>1</COL>
                <ROW>136</ROW>
            </Vertex>
            <Center>
                <LON>1.3709722222222234</LON>
                <LAT>43.59891666666671</LAT>
                <COL>49</COL>
                <ROW>69</ROW>
            </Center>
        </Dataset_Extent>
    </Dataset_Content>
    <Product_Information>
        <Producer_Information>
            <PRODUCER_NAME>AIRBUS DS GEO</PRODUCER_NAME>
            <PRODUCER_URL href="http://www.geo-airbusds.com/"></PRODUCER_URL>
            <PRODUCER_CONTACT>contact@geo-airbusds.com</PRODUCER_CONTACT>
            <PRODUCER_ADDRESS>5 rue des satellites - BP 14359 - F 31030 Toulouse Cedex 4 - France</PRODUCER_ADDRESS>
        </Producer_Information>
        <Distributor_Information>
            <DISTRIBUTOR_NAME>AIRBUS DS GEO</DISTRIBUTOR_NAME>
            <DISTRIBUTOR_URL href="http://www.geo-airbusds.com/"></DISTRIBUTOR_URL>
            <DISTRIBUTOR_CONTACT>contact@geo-airbusds.com</DISTRIBUTOR_CONTACT>
            <DISTRIBUTOR_ADDRESS>5 rue des satellites - BP 14359 - F 31030 Toulouse Cedex 4 - France</DISTRIBUTOR_ADDRESS>
        </Distributor_Information>
        <Delivery_Identification>
            <PRODUCTION_DATE>2023-10-01T20:53:05.000Z</PRODUCTION_DATE>
            <JOB_ID>a7f4e2b3-ba93-4f14-cf78-afda1bc5e4cc</JOB_ID>
            <PRODUCT_CODE></PRODUCT_CODE>
            <PRODUCT_TYPE>NA</PRODUCT_TYPE>
            <PRODUCT_INFO>SPOT</PRODUCT_INFO>
            <DELIVERY_TYPE>NETWORK</DELIVERY_TYPE>
            <Order_Identification>
                <CUSTOMER_REFERENCE>C301000</CUSTOMER_REFERENCE>
                <INTERNAL_REFERENCE>0a6652d6-4e2e-410a-8655-23c7e1c36b9e</INTERNAL_REFERENCE>
                <COMMERCIAL_REFERENCE>1f43deb4-3292-4c02-82b2-d7997a28d460</COMMERCIAL_REFERENCE>
                <COMMERCIAL_ITEM></COMMERCIAL_ITEM>
                <COMMENT>20-0004-03-3271/OneAtlas Living Library - Cdes Auto</COMMENT>
            </Order_Identification>
        </Delivery_Identification>
    </Product_Information>
    <Coordinate_Reference_System>
        <Geodetic_CRS>
            <CRS_TABLES version="6.3">EPSG</CRS_TABLES>
            <GEODETIC_CRS_TYPE>GEOGRAPHIC2D</GEODETIC_CRS_TYPE>
            <GEODETIC_CRS_NAME></GEODETIC_CRS_NAME>
            <GEODETIC_CRS_CODE>urn:ogc:def:crs:EPSG::4326</GEODETIC_CRS_CODE>
        </Geodetic_CRS>
        <Temporal_CRS>
            <CRS_TABLES version="0.0">ITU</CRS_TABLES>
            <TEMPORAL_CRS_NAME>UTC</TEMPORAL_CRS_NAME>
        </Temporal_CRS>
    </Coordinate_Reference_System>
    <Geoposition>
        <Raster_CRS>
            <RASTER_GEOMETRY>GROUND</RASTER_GEOMETRY>
            <PIXEL_ORIENTATION>UL</PIXEL_ORIENTATION>
            <PIXEL_CRS_TYPE>CELL</PIXEL_CRS_TYPE>
            <PIXEL_ORIGIN>1</PIXEL_ORIGIN>
        </Raster_CRS>
        <Geoposition_Insert>
            <ULXMAP>1.3683333333333343</ULXMAP>
            <ULYMAP>43.60266666666671</ULYMAP>
            <XDIM>5.555555555555638e-05</XDIM>
            <YDIM>5.555555555555379e-05</YDIM>
        </Geoposition_Insert>
    </Geoposition>
    <Processing_Information>
        <Production_Facility>
            <SOFTWARE version="20.7.0.2-one-atlas-mnt;v75.0.6">GeoPaaS;Format</SOFTWARE>
            <PROCESSING_CENTER>MPP-Public</PROCESSING_CENTER>
        </Production_Facility>
        <Product_Settings>
            <PROCESSING_LEVEL>ORTHO</PROCESSING_LEVEL>
            <SPECTRAL_PROCESSING>MS</SPECTRAL_PROCESSING>
            <Geometric_Settings>
                <GEOMETRIC_PROCESSING>ORTHO</GEOMETRIC_PROCESSING>
                <EPHEMERIS_USED>CORRECTED</EPHEMERIS_USED>
                <ATTITUDES_USED>CORRECTED</ATTITUDES_USED>
                <GROUND_SETTING>false</GROUND_SETTING>
                <VERTICAL_SETTING>true</VERTICAL_SETTING>
                <VERTICAL_DESC>PAS_DEM R3D_DEM SRTM GTOPO30</VERTICAL_DESC>
            </Geometric_Settings>
            <Radiometric_Settings>
                <RADIOMETRIC_PROCESSING>REFLECTANCE</RADIOMETRIC_PROCESSING>
            </Radiometric_Settings>
            <Sampling_Settings>
                <RESAMPLING_SPACING unit="m">6.000000000375161</RESAMPLING_SPACING>
                <RESAMPLING_KERNEL>OPTIMIZED_BICUBIC</RESAMPLING_KERNEL>
            </Sampling_Settings>
            <MTF_Settings>
                <PAN_RESTORATION>true</PAN_RESTORATION>
                <MS_RESTORATION>false</MS_RESTORATION>
            </MTF_Settings>
        </Product_Settings>
        <Processing_Lineage>
            <Component>
                <COMPONENT_TITLE>Processing</COMPONENT_TITLE>
                <COMPONENT_CONTENT>Lineage Information</COMPONENT_CONTENT>
                <COMPONENT_TYPE>DIMAP</COMPONENT_TYPE>
                <COMPONENT_PATH href="LINEAGE/PROCESSING_SPOT6_MS_202309051034367_ORT_a7f4e2b3-ba93-4f14-cf78-afda1bc5e4cc_DIM.XML"></COMPONENT_PATH>
            </Component>
        </Processing_Lineage>
    </Processing_Information>
    <Raster_Data>
        <Data_Access>
            <DATA_FILE_ORGANISATION>BAND_COMPOSITE</DATA_FILE_ORGANISATION>
            <DATA_FILE_FORMAT>image/tiff</DATA_FILE_FORMAT>
            <DATA_FILE_TILES>true</DATA_FILE_TILES>
            <Data_Files>
                <Data_File tile_R="1" tile_C="1">
                    <DATA_FILE_PATH href="IMG_SPOT6_MS_202309051034367_ORT_a7f4e2b3-ba93-4f14-cf78-afda1bc5e4cc_R1C1.TIF"></DATA_FILE_PATH>
                </Data_File>
            </Data_Files>
        </Data_Access>
        <Raster_Dimensions>
            <NROWS>136</NROWS>
            <NCOLS>96</NCOLS>
            <NBANDS>4</NBANDS>
            <Tile_Set>
                <NTILES>1</NTILES>
                <Regular_Tiling>
                    <NTILES_SIZE ncols="96" nrows="136"></NTILES_SIZE>
                    <NTILES_COUNT ntiles_C="1" ntiles_R="1"></NTILES_COUNT>
                    <OVERLAP_ROW>0</OVERLAP_ROW>
                    <OVERLAP_COL>0</OVERLAP_COL>
                </Regular_Tiling>
            </Tile_Set>
        </Raster_Dimensions>
        <Raster_Encoding>
            <DATA_TYPE>INTEGER</DATA_TYPE>
            <NBITS>16</NBITS>
            <SIGN>UNSIGNED</SIGN>
            <COMPRESSION_TYPE>LOSSLESS</COMPRESSION_TYPE>
            <COMPRESSION_RATIO>0.994922890808813</COMPRESSION_RATIO>
        </Raster_Encoding>
        <Raster_Display>
            <Band_Display_Order>
                <RED_CHANNEL>B2</RED_CHANNEL>
                <GREEN_CHANNEL>B1</GREEN_CHANNEL>
                <BLUE_CHANNEL>B0</BLUE_CHANNEL>
                <ALPHA_CHANNEL>B3</ALPHA_CHANNEL>
            </Band_Display_Order>
            <Special_Value>
                <SPECIAL_VALUE_TEXT>NODATA</SPECIAL_VALUE_TEXT>
                <SPECIAL_VALUE_COUNT>0</SPECIAL_VALUE_COUNT>
            </Special_Value>
            <Special_Value>
                <SPECIAL_VALUE_TEXT>SATURATED</SPECIAL_VALUE_TEXT>
                <SPECIAL_VALUE_COUNT>32767</SPECIAL_VALUE_COUNT>
            </Special_Value>
        </Raster_Display>
    </Raster_Data>
    <Radiometric_Data>
        <Dynamic_Range>
            <ACQUISITION_RANGE>12</ACQUISITION_RANGE>
            <PRODUCT_RANGE>16</PRODUCT_RANGE>
        </Dynamic_Range>
        <Histogram_Band_List>
            <Histogram_Band>
                <BAND_ID>B0</BAND_ID>
                <VALUES>1 0 0 0 0 0 1 1 0 2 0 1 0 0 4 2 4 3 2 2 3 4 5 1 5 2 4 3 5 5 4 0 2 0 6 7 5 3 6 6 3 2 3 7 8 4 8 6 10 4 6 10 8 10 13 14 8 8 12 13 13 11 17 18 14 15 16 19 13 16 18 17 18 13 17 16 15 19 16 17 16 16 14 26 10 18 9 18 12 24 23 13 12 14 19 18 15 19 18 24 24 24 18 28 24 29 26 29 35 18 35 20 22 23 28 17 35 26 35 27 19 33 34 22 34 48 30 25 31 30 36 31 34 31 39 27 29 41 38 41 39 33 24 26 32 27 34 35 41 46 27 38 41 30 28 33 34 29 34 34 27 27 25 32 30 21 26 32 23 25 36 31 31 42 29 26 28 32 36 22 30 36 15 23 27 26 25 22 36 26 25 21 30 28 23 35 30 39 26 17 28 25 29 26 28 21 32 22 28 29 38 28 21 28 25 21 33 19 26 16 23 14 27 21 30 22 17 24 17 24 22 16 29 22 22 18 12 13 15 20 16 24 31 14 16 19 17 15 17 14 12 16 13 9 24 16 16 18 18 18 14 16 13 12 9 14 20 12 8 20 14 15 11 12 13 16 13 10 23 9 19 15 9 8 9 13 13 12 11 10 14 7 12 8 8 8 8 7 16 7 11 9 9 11 7 6 2 7 8 5 6 12 10 6 8 8 8 5 11 10 13 7 7 6 9 8 3 4 7 9 8 4 8 5 6 6 8 7 5 5 8 9 6 8 3 4 6 8 4 4 8 10 9 3 4 5 7 8 8 4 8 6 8 12 4 6 6 6 2 3 5 5 4 6 5 5 10 3 4 6 3 4 3 7 6 4 4 6 3 3 6 7 3 2 4 3 4 1 2 3 3 3 5 3 6 3 7 4 3 4 2 1 3 3 2 2 3 1 5 3 3 2 4 3 2 4 0 3 1 3 1 1 1 1 2 1 0 2 2 2 5 1 3 0 0 0 4 2 3 2 1 0 0 2 0 1 0 1 1 1 2 0 0 2 1 1 1 2 1 1 1 2 0 0 1 2 1 1 0 3 0 0 0 0 3 0 1 2 1 1 0 0 1 1 0 0 1 1 1 0 0 0 0 1 0 0 1 1 0 1 1 0 0 0 0 0 1 0 2 1 1 0 1 0 0 0 0 1 0 0 0 1 0 0 1 1 0 0 0 0 0 0 1 0 0 1 1 0 0 2 0 0 0 0 0 0 0 0 0 0 0 0 0 1 1 2 0 0 1 0 0 0 0 0 0 0 1 0 0 0 1 0 0 1 1 0 0 0 0 1 0 0 0 0 1 1 0 0 0 0 1 1 0 0 0 0 0 2 0 1 0 2 0 1 1 0 0 0 0 0 1 0 0 0 0 0 0 0 0 0 1 0 0 0 1 0 1 0 0 1 1 0 0 0 0 0 1 1 0 0 0 0 0 0 0 0 1 0 1 0 1 0 0 0 0 0 0 0 0 0 0 0 1 1 0 0 0 0 1 0 0 0 0 0 0 0 0 0 0 0 0 0 0 0 0 0 0 0 0 0 0 0 0 0 1 0 0 0 1</VALUES>
                <STEP>1</STEP>
                <MIN>1249</MIN>
                <MAX>1957</MAX>
                <MEAN>1441.4371812702827</MEAN>
                <STDV>96.7581443446259</STDV>
            </Histogram_Band>
            <Histogram_Band>
                <BAND_ID>B1</BAND_ID>
                <VALUES>1 0 0 0 0 0 0 0 1 0 0 0 0 0 0 0 2 0 1 1 2 0 3 0 2 3 2 1 0 2 2 1 6 2 5 3 4 1 2 5 1 4 2 4 6 2 2 1 7 4 4 3 1 2 7 3 2 8 9 3 7 6 4 6 11 6 9 5 11 0 8 6 10 9 6 13 14 16 12 9 14 14 10 11 15 13 11 16 11 11 14 11 5 9 12 6 13 19 15 14 13 18 17 19 19 15 14 27 18 12 16 13 14 12 21 18 19 12 16 21 21 23 22 19 20 23 21 30 17 27 17 13 22 24 17 26 20 25 35 29 22 27 21 23 26 23 23 21 28 25 27 29 27 24 36 27 25 27 24 24 30 30 33 33 38 31 30 33 31 29 19 14 22 23 26 31 37 21 33 25 34 31 32 35 27 26 32 33 28 22 25 22 25 28 26 37 32 36 29 21 29 36 17 23 33 33 29 29 28 29 27 19 27 31 18 23 34 31 25 24 27 34 20 19 36 18 31 27 24 21 23 29 22 18 18 29 22 22 12 16 19 22 22 20 15 12 24 25 15 21 21 19 20 24 19 23 27 19 16 18 12 20 16 13 17 16 9 19 18 17 23 15 22 19 15 12 14 19 15 11 20 16 17 14 11 7 11 13 13 18 13 12 15 13 6 13 9 14 16 11 12 19 15 10 12 8 17 7 11 12 11 14 15 11 11 7 11 11 13 10 12 15 13 3 12 12 7 13 10 14 8 11 12 11 6 13 9 12 8 12 10 10 11 6 12 10 8 9 9 6 13 10 12 5 10 6 9 9 3 11 5 5 7 7 1 6 6 11 6 10 13 9 5 7 3 10 7 4 4 8 12 5 2 0 7 12 11 5 4 6 7 8 3 3 8 8 7 3 3 8 4 7 5 9 11 7 3 2 6 11 6 7 4 4 5 6 4 6 8 3 1 3 3 4 10 3 6 7 5 5 8 5 4 5 5 4 8 5 7 3 4 2 3 5 6 5 1 4 7 4 6 9 4 7 7 8 2 6 3 5 3 5 1 1 2 1 2 3 1 0 3 6 3 5 3 9 7 3 3 2 3 0 1 4 1 1 2 3 1 2 3 0 4 2 3 2 3 2 3 0 3 3 4 0 0 5 3 1 1 4 1 6 3 0 2 2 3 1 2 3 0 1 4 1 3 2 0 4 1 1 0 0 0 0 2 1 0 1 2 2 0 0 1 2 1 2 2 1 1 0 0 3 1 1 0 0 0 3 2 1 1 0 1 0 0 0 0 0 1 0 1 0 0 1 1 2 1 2 1 0 1 2 0 1 0 0 1 0 0 0 2 2 1 1 1 0 0 1 0 2 0 0 0 3 2 2 0 0 0 0 0 0 2 1 0 0 1 1 1 0 0 2 1 1 0 0 0 0 0 1 0 2 1 0 0 0 2 0 0 1 0 0 0 0 0 0 0 0 0 0 0 0 0 1 2 2 0 0 0 0 0 0 1 0 0 0 0 0 0 0 1 0 0 0 1 0 0 1 1 0 0 1 0 0 0 1 0 0 0 0 0 0 1 1 0 0 0 1 0 0 0 0 0 0 0 2 0 0 0 0 1 0 0 0 0 0 0 0 0 1 1 0 0 1 0 0 0 0 0 0 1 0 1 0 0 1 1 0 0 0 0 1 0 0 0 0 0 0 0 0 0 0 0 0 1 0 0 0 0 0 0 1 0 0 0 0 0 0 0 0 0 0 0 0 0 0 0 0 0 0 0 0 1 1 0 0 0 1 0 1 1 0 0 0 0 0 0 0 1 0 0 0 0 1 0 0 0 0 1 0 0 0 0 0 0 0 0 0 0 0 0 0 0 0 0 0 0 0 0 0 0 0 0 0 0 0 0 0 0 0 0 0 0 0 0 0 1 0 1 0 0 0 0 0 0 0 0 0 0 0 0 0 0 0 0 0 0 0 0 0 0 0 0 0 0 0 0 0 0 0 0 0 0 0 0 0 0 0 0 0 0 0 0 0 0 0 0 0 0 0 0 0 0 0 0 0 0 0 0 0 0 0 0 0 0 0 0 0 0 0 1 0 0 0 1 0 0 0 0 0 0 0 0 0 0 0 0 0 0 0 0 0 0 0 0 0 0 0 0 1</VALUES>
                <STEP>1</STEP>
                <MIN>1391</MIN>
                <MAX>2340</MAX>
                <MEAN>1622.4926595580282</MEAN>
                <STDV>116.6181629098344</STDV>
            </Histogram_Band>
            <Histogram_Band>
                <BAND_ID>B2</BAND_ID>
                <VALUES>1 0 0 1 0 0 0 1 0 1 1 1 0 4 2 0 1 3 2 1 3 1 2 2 2 2 3 4 4 1 1 4 2 3 1 5 2 2 0 0 1 5 5 1 3 5 2 4 1 4 4 4 3 1 2 4 2 2 5 4 5 1 4 2 6 2 7 4 5 6 2 4 2 9 4 2 6 5 6 7 10 7 9 6 6 7 4 9 6 4 1 4 11 7 7 9 7 11 9 7 9 5 7 10 11 6 9 6 9 10 6 10 10 8 4 12 9 8 10 10 8 10 10 11 13 18 9 13 15 20 19 8 14 8 12 14 19 19 11 10 13 11 17 14 13 13 18 17 17 16 18 13 16 13 18 14 13 24 15 18 14 11 17 17 12 17 18 16 8 12 17 13 10 22 21 15 18 19 20 15 25 14 17 22 17 19 25 19 17 12 11 19 16 12 10 22 19 21 18 18 31 18 23 21 22 13 16 25 27 18 30 25 19 16 23 24 18 15 16 21 18 26 15 19 16 28 23 37 26 18 18 37 20 30 19 29 19 27 27 17 26 28 20 18 27 18 14 19 27 20 21 20 18 24 19 30 23 24 27 25 20 20 20 21 23 21 27 21 15 25 17 18 22 22 33 17 23 22 24 15 13 27 22 15 26 14 18 25 21 20 16 21 15 23 17 19 18 16 28 21 19 16 23 11 21 14 24 19 16 20 7 10 17 14 15 19 14 15 15 18 13 11 25 16 15 17 9 18 25 14 12 12 14 12 22 19 11 15 12 11 14 10 21 19 9 17 15 12 22 13 13 17 8 12 13 9 14 11 14 19 13 15 12 10 13 12 13 11 10 6 10 11 7 12 10 11 10 9 7 11 5 13 8 11 10 11 10 8 5 7 4 15 11 8 11 11 12 11 13 8 6 9 7 5 9 6 10 10 6 3 12 6 8 8 7 10 8 2 7 8 9 11 3 5 10 7 13 6 9 10 8 10 7 10 4 11 6 8 6 9 10 6 8 9 3 7 2 5 5 6 3 5 4 13 5 7 6 5 5 3 8 5 7 2 6 3 11 8 7 2 8 3 4 2 3 3 7 10 7 6 1 9 10 9 7 6 3 4 2 2 4 5 7 8 6 6 5 6 10 5 8 5 6 8 7 10 6 5 5 8 6 8 9 4 5 5 5 5 3 7 3 2 4 3 5 6 2 7 8 4 1 1 2 6 6 2 7 2 5 3 6 4 5 3 1 4 1 6 7 2 4 1 0 3 1 5 5 3 6 5 1 4 3 1 3 5 2 4 2 2 4 4 4 2 4 4 2 2 4 2 2 2 1 4 4 3 3 6 3 1 4 1 6 1 4 1 1 2 3 1 1 3 2 0 1 2 1 3 2 4 2 2 1 4 0 2 1 4 0 0 2 0 0 1 5 0 1 1 0 0 2 2 1 1 1 0 1 1 1 0 2 2 1 1 0 1 1 0 2 2 0 1 3 1 1 1 3 0 0 1 1 2 4 1 1 1 0 2 1 0 0 0 0 0 1 0 0 0 1 3 0 0 2 1 0 1 2 1 0 0 1 1 0 1 1 0 1 0 1 1 2 0 0 0 1 0 1 1 1 0 1 0 0 1 1 0 0 1 0 0 3 1 1 0 0 1 0 0 2 0 0 2 0 0 0 0 0 0 0 1 0 0 1 0 1 1 1 0 0 1 0 0 0 0 1 2 0 1 0 1 2 1 1 0 0 0 1 0 0 0 1 1 0 1 0 0 0 3 0 0 0 0 0 1 0 0 0 0 0 0 0 1 0 1 0 0 1 0 0 0 0 0 1 0 0 0 0 1 0 0 0 0 1 0 0 0 1 0 1 0 0 0 0 0 1 1 0 1 1 0 0 0 0 0 0 0 0 0 0 0 0 0 1 0 1 1 0 0 0 1 0 0 0 0 1 0 0 0 0 0 1 0 0 0 0 0 0 0 0 0 0 0 0 0 1 0 0 2 0 0 0 0 0 0 0 0 0 0 0 0 0 1 1 0 0 1 0 0 0 0 0 0 0 0 0 0 0 0 0 0 0 0 0 0 0 0 0 0 0 1 0 0 1 0 0 0 0 0 0 0 1 0 0 0 0 0 0 0 0 0 0 0 0 0 0 0 0 1 1 0 0 0 0 0 0 1 0 0 0 0 0 2 0 0 0 0 0 0 0 0 0 0 0 0 0 0 0 0 0 0 0 0 0 0 0 0 1 1 0 1 0 0 0 0 0 0 0 0 0 1 0 0 0 0 0 0 0 0 0 0 0 0 0 0 0 0 1 0 0 0 0 0 0 0 0 0 0 0 0 0 0 0 0 0 0 0 0 0 0 0 0 0 0 0 0 0 0 0 0 0 0 0 0 0 0 0 0 0 0 0 0 0 0 0 0 0 0 0 0 0 0 0 0 0 0 0 0 0 0 0 0 0 0 0 0 0 0 0 0 0 0 0 0 0 0 0 0 0 0 0 0 0 0 0 0 0 0 0 0 0 1 0 0 0 0 0 0 0 0 0 0 0 0 0 0 0 0 0 0 0 0 0 0 0 0 0 0 0 0 0 0 0 0 0 0 0 0 0 0 0 0 0 0 0 0 0 0 0 1 0 0 0 0 0 1</VALUES>
                <STEP>1</STEP>
                <MIN>1452</MIN>
                <MAX>2616</MAX>
                <MEAN>1741.2027507340442</MEAN>
                <STDV>143.64874245942434</STDV>
            </Histogram_Band>
            <Histogram_Band>
                <BAND_ID>B3</BAND_ID>
                <VALUES>1 0 1 0 0 0 0 0 0 0 0 0 0 0 0 0 0 0 0 0 0 0 0 0 1 0 0 0 0 0 0 0 0 0 0 0 1 0 0 2 1 0 1 0 3 0 0 1 0 1 0 0 0 0 1 1 0 0 1 1 0 0 1 0 0 0 0 3 1 1 2 0 0 1 1 3 0 0 2 3 2 2 1 1 3 2 2 0 0 1 0 1 0 4 5 1 2 1 3 5 1 2 4 1 1 2 1 2 0 1 1 0 2 2 2 1 1 2 1 2 1 2 2 1 0 3 2 2 3 2 4 5 5 2 2 3 2 1 6 0 6 1 2 1 4 1 3 2 6 2 4 6 6 4 3 8 4 4 6 5 4 7 6 4 6 6 4 1 9 2 3 7 7 2 3 2 6 5 5 6 3 7 6 6 2 7 5 6 8 9 5 12 8 11 5 4 10 5 12 7 9 8 6 8 13 8 9 13 15 6 12 10 10 12 10 14 11 10 6 9 14 9 15 5 12 7 9 13 14 16 8 13 16 12 6 13 12 6 9 13 7 9 12 10 9 11 12 10 15 11 7 13 10 15 12 13 14 14 11 15 16 16 13 13 12 18 14 10 17 15 15 8 17 22 15 14 16 15 17 14 12 8 19 18 16 17 23 15 15 19 12 19 13 17 19 13 12 26 16 21 14 13 17 21 5 13 26 12 15 16 14 21 11 13 17 19 24 21 17 11 16 12 20 17 16 20 16 18 18 11 18 20 15 21 11 21 21 18 16 17 14 6 25 14 19 22 17 18 13 22 14 22 15 14 13 19 13 23 12 18 29 17 18 20 19 16 25 16 23 11 14 17 17 14 20 18 18 15 19 20 25 13 9 18 19 15 19 19 10 15 18 24 13 23 25 20 20 15 22 16 15 12 26 14 20 17 18 15 14 15 12 16 15 20 13 16 14 13 18 19 21 23 10 14 17 11 14 15 14 15 12 16 12 21 16 16 15 18 12 14 8 15 19 14 11 14 13 9 17 17 12 18 10 16 20 18 16 12 15 20 17 18 14 13 17 13 15 11 11 12 15 10 15 15 14 11 18 18 11 17 10 12 12 11 13 18 7 13 16 13 14 16 12 10 13 16 13 12 16 13 20 17 18 14 16 9 13 20 13 9 11 15 14 14 8 5 17 11 10 14 15 10 12 10 17 11 12 6 15 16 11 13 6 13 18 11 9 8 5 10 9 6 23 12 7 14 11 10 8 10 15 12 5 11 7 9 15 5 9 6 3 9 1 8 10 7 10 6 7 8 12 8 6 7 6 9 7 6 7 7 7 5 5 4 4 7 3 4 11 3 4 8 15 8 1 3 4 6 6 3 6 5 6 8 1 4 5 9 2 3 5 4 3 9 5 2 3 3 5 5 6 7 9 5 6 1 3 2 3 5 6 4 4 4 1 6 6 6 4 4 4 4 4 6 4 7 7 5 6 2 3 4 3 3 5 1 4 4 7 5 2 2 1 1 2 4 5 3 4 1 6 1 2 6 2 2 2 1 5 6 2 2 0 0 3 0 0 4 1 2 2 3 3 0 5 2 1 1 6 1 3 0 0 5 3 3 3 5 1 0 2 2 0 1 2 2 0 2 1 1 1 3 5 1 2 4 1 4 4 4 1 4 2 0 1 0 0 1 1 0 0 3 1 1 1 1 0 0 2 2 0 2 1 0 0 0 2 0 1 1 1 0 0 0 1 2 3 1 3 1 2 1 3 3 0 3 1 1 1 1 1 2 3 2 0 2 2 1 0 1 0 0 2 1 2 3 1 1 1 0 2 0 3 0 0 1 6 0 1 0 1 1 2 0 0 1 0 0 0 1 0 1 3 1 0 0 1 1 1 1 0 0 0 0 0 2 1 1 1 0 1 1 0 0 0 1 1 1 1 1 0 0 1 0 1 0 2 0 0 0 2 0 0 1 2 1 0 0 0 1 0 0 0 1 0 0 1 1 1 0 1 0 0 0 1 0 0 0 0 0 1 0 0 0 0 0 0 1 0 0 1 0 0 0 0 0 0 0 0 0 0 0 0 0 0 0 0 0 0 0 0 0 1 0 0 0 0 0 0 0 1 0 2 0 0 0 0 0 0 0 0 0 0 0 0 0 0 0 0 0 0 0 0 0 0 1 0 0 0 0 0 1 0 0 0 0 1 0 0 1 0 0 0 0 0 0 0 0 0 0 0 0 0 0 0 0 0 0 0 0 0 0 0 1 0 0 0 0 0 0 0 0 0 0 0 0 0 1 0 0 0 0 0 0 0 0 0 0 0 0 0 0 1 0 0 0 0 1 0 0 0 0 2 0 0 0 0 0 0 0 0 0 0 0 0 0 0 0 0 0 0 0 0 0 0 0 0 0 0 0 0 0 0 0 0 0 0 0 0 0 0 0 0 0 0 0 0 0 0 0 0 0 0 0 0 0 0 0 0 0 0 0 0 0 0 0 0 0 0 0 0 0 0 0 0 0 0 0 0 0 0 0 0 0 0 0 0 0 0 0 0 0 0 0 0 0 0 0 0 0 0 0 0 0 0 0 0 0 0 0 0 0 0 0 0 0 0 0 0 0 0 0 0 0 0 0 0 0 1 0 0 0 0 0 0 0 0 0 0 0 0 0 0 0 0 0 0 0 0 0 0 0 0 1 0 0 0 0 0 0 0 0 0 0 1 0 0 0 0 0 0 0 0 0 0 0 0 0 0 0 0 0 0 0 0 0 1</VALUES>
                <STEP>1</STEP>
                <MIN>2245</MIN>
                <MAX>3461</MAX>
                <MEAN>2644.445989800649</MEAN>
                <STDV>149.73860543380604</STDV>
            </Histogram_Band>
        </Histogram_Band_List>
        <Straylight>
            <PAN_RAW_STRAYLIGHT_MIN_SIZE>20</PAN_RAW_STRAYLIGHT_MIN_SIZE>
            <XS_RAW_STRAYLIGHT_MIN_SIZE>5</XS_RAW_STRAYLIGHT_MIN_SIZE>
        </Straylight>
        <Radiometric_Calibration>
            <Instrument_Calibration>
                <Band_Measurement_List>
                    <Band_Spectral_Range>
                        <BAND_ID>B2</BAND_ID>
                        <CALIBRATION_DATE>2011-09-19T12:00:00Z</CALIBRATION_DATE>
                        <MEASURE_DESC>Spectral Range values of raw radiometric Band</MEASURE_DESC>
                        <MEASURE_UNIT>nanometers</MEASURE_UNIT>
                        <MEASURE_UNCERTAINTY>0.008</MEASURE_UNCERTAINTY>
                        <MIN>621</MIN>
                        <MAX>698</MAX>
                    </Band_Spectral_Range>
                    <Band_Spectral_Range>
                        <BAND_ID>B1</BAND_ID>
                        <CALIBRATION_DATE>2011-09-19T12:00:00Z</CALIBRATION_DATE>
                        <MEASURE_DESC>Spectral Range values of raw radiometric Band</MEASURE_DESC>
                        <MEASURE_UNIT>nanometers</MEASURE_UNIT>
                        <MEASURE_UNCERTAINTY>0.006</MEASURE_UNCERTAINTY>
                        <MIN>524</MIN>
                        <MAX>591</MAX>
                    </Band_Spectral_Range>
                    <Band_Spectral_Range>
                        <BAND_ID>B0</BAND_ID>
                        <CALIBRATION_DATE>2011-09-19T12:00:00Z</CALIBRATION_DATE>
                        <MEASURE_DESC>Spectral Range values of raw radiometric Band</MEASURE_DESC>
                        <MEASURE_UNIT>nanometers</MEASURE_UNIT>
                        <MEASURE_UNCERTAINTY>0.005</MEASURE_UNCERTAINTY>
                        <MIN>451</MIN>
                        <MAX>522</MAX>
                    </Band_Spectral_Range>
                    <Band_Spectral_Range>
                        <BAND_ID>B3</BAND_ID>
                        <CALIBRATION_DATE>2011-09-19T12:00:00Z</CALIBRATION_DATE>
                        <MEASURE_DESC>Spectral Range values of raw radiometric Band</MEASURE_DESC>
                        <MEASURE_UNIT>nanometers</MEASURE_UNIT>
                        <MEASURE_UNCERTAINTY>0.009</MEASURE_UNCERTAINTY>
                        <MIN>752</MIN>
                        <MAX>885</MAX>
                    </Band_Spectral_Range>
                    <Band_Reflectance>
                        <BAND_ID>B2</BAND_ID>
                        <CALIBRATION_DATE>2023-09-06T00:57:40Z</CALIBRATION_DATE>
                        <MEASURE_DESC>Reflectance gained value (RHO') to Reflectance (RHO). Formulae RHO=RHO'/GAIN+BIAS</MEASURE_DESC>
                        <MEASURE_UNIT></MEASURE_UNIT>
                        <MEASURE_UNCERTAINTY></MEASURE_UNCERTAINTY>
                        <GAIN>10000</GAIN>
                        <BIAS>0</BIAS>
                    </Band_Reflectance>
                    <Band_Reflectance>
                        <BAND_ID>B1</BAND_ID>
                        <CALIBRATION_DATE>2023-09-06T00:57:40Z</CALIBRATION_DATE>
                        <MEASURE_DESC>Reflectance gained value (RHO') to Reflectance (RHO). Formulae RHO=RHO'/GAIN+BIAS</MEASURE_DESC>
                        <MEASURE_UNIT></MEASURE_UNIT>
                        <MEASURE_UNCERTAINTY></MEASURE_UNCERTAINTY>
                        <GAIN>10000</GAIN>
                        <BIAS>0</BIAS>
                    </Band_Reflectance>
                    <Band_Reflectance>
                        <BAND_ID>B0</BAND_ID>
                        <CALIBRATION_DATE>2023-09-06T00:57:40Z</CALIBRATION_DATE>
                        <MEASURE_DESC>Reflectance gained value (RHO') to Reflectance (RHO). Formulae RHO=RHO'/GAIN+BIAS</MEASURE_DESC>
                        <MEASURE_UNIT></MEASURE_UNIT>
                        <MEASURE_UNCERTAINTY></MEASURE_UNCERTAINTY>
                        <GAIN>10000</GAIN>
                        <BIAS>0</BIAS>
                    </Band_Reflectance>
                    <Band_Reflectance>
                        <BAND_ID>B3</BAND_ID>
                        <CALIBRATION_DATE>2023-09-06T00:57:40Z</CALIBRATION_DATE>
                        <MEASURE_DESC>Reflectance gained value (RHO') to Reflectance (RHO). Formulae RHO=RHO'/GAIN+BIAS</MEASURE_DESC>
                        <MEASURE_UNIT></MEASURE_UNIT>
                        <MEASURE_UNCERTAINTY></MEASURE_UNCERTAINTY>
                        <GAIN>10000</GAIN>
                        <BIAS>0</BIAS>
                    </Band_Reflectance>
                    <Band_Radiance>
                        <BAND_ID>B2</BAND_ID>
                        <CALIBRATION_DATE>2023-09-06T00:57:40Z</CALIBRATION_DATE>
                        <MEASURE_DESC>Reflectance (RHO) to TOA Radiance (L). Formulae L=RHO/GAIN+BIAS</MEASURE_DESC>
                        <MEASURE_UNIT>watt/m2/steradians/micrometers</MEASURE_UNIT>
                        <MEASURE_UNCERTAINTY>3</MEASURE_UNCERTAINTY>
                        <GAIN>0.003075578625345213</GAIN>
                        <BIAS>5.361053953376704</BIAS>
                    </Band_Radiance>
                    <Band_Radiance>
                        <BAND_ID>B1</BAND_ID>
                        <CALIBRATION_DATE>2023-09-06T00:57:40Z</CALIBRATION_DATE>
                        <MEASURE_DESC>Reflectance (RHO) to TOA Radiance (L). Formulae L=RHO/GAIN+BIAS</MEASURE_DESC>
                        <MEASURE_UNIT>watt/m2/steradians/micrometers</MEASURE_UNIT>
                        <MEASURE_UNCERTAINTY>4</MEASURE_UNCERTAINTY>
                        <GAIN>0.0027133952345739305</GAIN>
                        <BIAS>12.128842720827363</BIAS>
                    </Band_Radiance>
                    <Band_Radiance>
                        <BAND_ID>B0</BAND_ID>
                        <CALIBRATION_DATE>2023-09-06T00:57:40Z</CALIBRATION_DATE>
                        <MEASURE_DESC>Reflectance (RHO) to TOA Radiance (L). Formulae L=RHO/GAIN+BIAS</MEASURE_DESC>
                        <MEASURE_UNIT>watt/m2/steradians/micrometers</MEASURE_UNIT>
                        <MEASURE_UNCERTAINTY>5</MEASURE_UNCERTAINTY>
                        <GAIN>0.0025909461259981783</GAIN>
                        <BIAS>24.373144548703713</BIAS>
                    </Band_Radiance>
                    <Band_Radiance>
                        <BAND_ID>B3</BAND_ID>
                        <CALIBRATION_DATE>2023-09-06T00:57:40Z</CALIBRATION_DATE>
                        <MEASURE_DESC>Reflectance (RHO) to TOA Radiance (L). Formulae L=RHO/GAIN+BIAS</MEASURE_DESC>
                        <MEASURE_UNIT>watt/m2/steradians/micrometers</MEASURE_UNIT>
                        <MEASURE_UNCERTAINTY>4</MEASURE_UNCERTAINTY>
                        <GAIN>0.004382248949498862</GAIN>
                        <BIAS>1.559148188581146</BIAS>
                    </Band_Radiance>
                    <Band_Digital_Number>
                        <BAND_ID>B2</BAND_ID>
                        <CALIBRATION_DATE>2023-09-06T00:57:40Z</CALIBRATION_DATE>
                        <MEASURE_DESC>TOA Radiance (L) to Raw radiometric count (DN). Formulae DN=L/GAIN+BIAS</MEASURE_DESC>
                        <MEASURE_UNIT></MEASURE_UNIT>
                        <MEASURE_UNCERTAINTY></MEASURE_UNCERTAINTY>
                        <GAIN>0.09765625</GAIN>
                        <BIAS>-0.0</BIAS>
                    </Band_Digital_Number>
                    <Band_Digital_Number>
                        <BAND_ID>B1</BAND_ID>
                        <CALIBRATION_DATE>2023-09-06T00:57:40Z</CALIBRATION_DATE>
                        <MEASURE_DESC>TOA Radiance (L) to Raw radiometric count (DN). Formulae DN=L/GAIN+BIAS</MEASURE_DESC>
                        <MEASURE_UNIT></MEASURE_UNIT>
                        <MEASURE_UNCERTAINTY></MEASURE_UNCERTAINTY>
                        <GAIN>0.11025358324145534</GAIN>
                        <BIAS>-0.0</BIAS>
                    </Band_Digital_Number>
                    <Band_Digital_Number>
                        <BAND_ID>B0</BAND_ID>
                        <CALIBRATION_DATE>2023-09-06T00:57:40Z</CALIBRATION_DATE>
                        <MEASURE_DESC>TOA Radiance (L) to Raw radiometric count (DN). Formulae DN=L/GAIN+BIAS</MEASURE_DESC>
                        <MEASURE_UNIT></MEASURE_UNIT>
                        <MEASURE_UNCERTAINTY></MEASURE_UNCERTAINTY>
                        <GAIN>0.13812154696132597</GAIN>
                        <BIAS>-0.0</BIAS>
                    </Band_Digital_Number>
                    <Band_Digital_Number>
                        <BAND_ID>B3</BAND_ID>
                        <CALIBRATION_DATE>2023-09-06T00:57:40Z</CALIBRATION_DATE>
                        <MEASURE_DESC>TOA Radiance (L) to Raw radiometric count (DN). Formulae DN=L/GAIN+BIAS</MEASURE_DESC>
                        <MEASURE_UNIT></MEASURE_UNIT>
                        <MEASURE_UNCERTAINTY></MEASURE_UNCERTAINTY>
                        <GAIN>0.07204610951008646</GAIN>
                        <BIAS>-0.0</BIAS>
                    </Band_Digital_Number>
                    <Band_Solar_Irradiance>
                        <BAND_ID>B2</BAND_ID>
                        <CALIBRATION_DATE>2011-09-20T12:00:00Z</CALIBRATION_DATE>
                        <MEASURE_DESC>Solar irradiance value of raw radiometric Band</MEASURE_DESC>
                        <MEASURE_UNIT>watt/m2/micron</MEASURE_UNIT>
                        <MEASURE_UNCERTAINTY>7.914946555</MEASURE_UNCERTAINTY>
                        <VALUE>1540.494123</VALUE>
                    </Band_Solar_Irradiance>
                    <Band_Solar_Irradiance>
                        <BAND_ID>B1</BAND_ID>
                        <CALIBRATION_DATE>2011-09-20T12:00:00Z</CALIBRATION_DATE>
                        <MEASURE_DESC>Solar irradiance value of raw radiometric Band</MEASURE_DESC>
                        <MEASURE_UNIT>watt/m2/micron</MEASURE_UNIT>
                        <MEASURE_UNCERTAINTY>3.511361012</MEASURE_UNCERTAINTY>
                        <VALUE>1826.087443</VALUE>
                    </Band_Solar_Irradiance>
                    <Band_Solar_Irradiance>
                        <BAND_ID>B0</BAND_ID>
                        <CALIBRATION_DATE>2011-09-20T12:00:00Z</CALIBRATION_DATE>
                        <MEASURE_DESC>Solar irradiance value of raw radiometric Band</MEASURE_DESC>
                        <MEASURE_UNIT>watt/m2/micron</MEASURE_UNIT>
                        <MEASURE_UNCERTAINTY>8.131208051</MEASURE_UNCERTAINTY>
                        <VALUE>1982.671954</VALUE>
                    </Band_Solar_Irradiance>
                    <Band_Solar_Irradiance>
                        <BAND_ID>B3</BAND_ID>
                        <CALIBRATION_DATE>2011-09-20T12:00:00Z</CALIBRATION_DATE>
                        <MEASURE_DESC>Solar irradiance value of raw radiometric Band</MEASURE_DESC>
                        <MEASURE_UNIT>watt/m2/micron</MEASURE_UNIT>
                        <MEASURE_UNCERTAINTY>9.091714992</MEASURE_UNCERTAINTY>
                        <VALUE>1094.747446</VALUE>
                    </Band_Solar_Irradiance>
                </Band_Measurement_List>
            </Instrument_Calibration>
        </Radiometric_Calibration>
    </Radiometric_Data>
    <Geometric_Data>
        <Use_Area>
            <Located_Geometric_Values>
                <LOCATION_TYPE>TopLeft</LOCATION_TYPE>
                <COL>1</COL>
                <ROW>1</ROW>
                <TIME>2023-09-05T10:34:38.469Z</TIME>
                <SATELLITE_ALTITUDE>704060.4149857229</SATELLITE_ALTITUDE>
                <Acquisition_Angles>
                    <AZIMUTH_ANGLE>321.0676885069904</AZIMUTH_ANGLE>
                    <VIEWING_ANGLE_ACROSS_TRACK>12.273194655413736</VIEWING_ANGLE_ACROSS_TRACK>
                    <VIEWING_ANGLE_ALONG_TRACK>8.895850260312153</VIEWING_ANGLE_ALONG_TRACK>
                    <VIEWING_ANGLE>15.002810115183019</VIEWING_ANGLE>
                    <INCIDENCE_ANGLE_ALONG_TRACK>-13.141483478182487</INCIDENCE_ANGLE_ALONG_TRACK>
                    <INCIDENCE_ANGLE_ACROSS_TRACK>-10.678719744334922</INCIDENCE_ANGLE_ACROSS_TRACK>
                    <INCIDENCE_ANGLE>16.70504066719376</INCIDENCE_ANGLE>
                </Acquisition_Angles>
                <Solar_Incidences>
                    <SUN_AZIMUTH>149.11456219578432</SUN_AZIMUTH>
                    <SUN_ELEVATION>49.372676832551775</SUN_ELEVATION>
                </Solar_Incidences>
                <Ground_Sample_Distance>
                    <GSD_ACROSS_TRACK>9.331081967103618</GSD_ACROSS_TRACK>
                    <GSD_ALONG_TRACK>9.451488602353807</GSD_ALONG_TRACK>
                </Ground_Sample_Distance>
            </Located_Geometric_Values>
            <Located_Geometric_Values>
                <LOCATION_TYPE>TopCenter</LOCATION_TYPE>
                <COL>48</COL>
                <ROW>1</ROW>
                <TIME>2023-09-05T10:34:38.468Z</TIME>
                <SATELLITE_ALTITUDE>704060.4328016425</SATELLITE_ALTITUDE>
                <Acquisition_Angles>
                    <AZIMUTH_ANGLE>321.02227001487694</AZIMUTH_ANGLE>
                    <VIEWING_ANGLE_ACROSS_TRACK>12.288823972754653</VIEWING_ANGLE_ACROSS_TRACK>
                    <VIEWING_ANGLE_ALONG_TRACK>8.892110118992909</VIEWING_ANGLE_ALONG_TRACK>
                    <VIEWING_ANGLE>15.013124145159813</VIEWING_ANGLE>
                    <INCIDENCE_ANGLE_ALONG_TRACK>-13.142663657016737</INCIDENCE_ANGLE_ALONG_TRACK>
                    <INCIDENCE_ANGLE_ACROSS_TRACK>-10.69657426301983</INCIDENCE_ANGLE_ACROSS_TRACK>
                    <INCIDENCE_ANGLE>16.716591211858507</INCIDENCE_ANGLE>
                </Acquisition_Angles>
                <Solar_Incidences>
                    <SUN_AZIMUTH>149.11824623415396</SUN_AZIMUTH>
                    <SUN_ELEVATION>49.373645232423016</SUN_ELEVATION>
                </Solar_Incidences>
                <Ground_Sample_Distance>
                    <GSD_ACROSS_TRACK>9.332241037941076</GSD_ACROSS_TRACK>
                    <GSD_ALONG_TRACK>9.450325762962143</GSD_ALONG_TRACK>
                </Ground_Sample_Distance>
            </Located_Geometric_Values>
            <Located_Geometric_Values>
                <LOCATION_TYPE>TopRight</LOCATION_TYPE>
                <COL>96</COL>
                <ROW>1</ROW>
                <TIME>2023-09-05T10:34:38.466Z</TIME>
                <SATELLITE_ALTITUDE>704060.4510099972</SATELLITE_ALTITUDE>
                <Acquisition_Angles>
                    <AZIMUTH_ANGLE>320.97595449148537</AZIMUTH_ANGLE>
                    <VIEWING_ANGLE_ACROSS_TRACK>12.304784151468787</VIEWING_ANGLE_ACROSS_TRACK>
                    <VIEWING_ANGLE_ALONG_TRACK>8.888290239001408</VIEWING_ANGLE_ALONG_TRACK>
                    <VIEWING_ANGLE>15.02366678401908</VIEWING_ANGLE>
                    <INCIDENCE_ANGLE_ALONG_TRACK>-13.14387076407576</INCIDENCE_ANGLE_ALONG_TRACK>
                    <INCIDENCE_ANGLE_ACROSS_TRACK>-10.714806887439448</INCIDENCE_ANGLE_ACROSS_TRACK>
                    <INCIDENCE_ANGLE>16.728397809990096</INCIDENCE_ANGLE>
                </Acquisition_Angles>
                <Solar_Incidences>
                    <SUN_AZIMUTH>149.12200880097436</SUN_AZIMUTH>
                    <SUN_ELEVATION>49.37463412991884</SUN_ELEVATION>
                </Solar_Incidences>
                <Ground_Sample_Distance>
                    <GSD_ACROSS_TRACK>9.333424509425488</GSD_ACROSS_TRACK>
                    <GSD_ALONG_TRACK>9.451904036280153</GSD_ALONG_TRACK>
                </Ground_Sample_Distance>
            </Located_Geometric_Values>
            <Located_Geometric_Values>
                <LOCATION_TYPE>CenterLeft</LOCATION_TYPE>
                <COL>1</COL>
                <ROW>68</ROW>
                <TIME>2023-09-05T10:34:38.526Z</TIME>
                <SATELLITE_ALTITUDE>704059.6835003458</SATELLITE_ALTITUDE>
                <Acquisition_Angles>
                    <AZIMUTH_ANGLE>321.05091833420886</AZIMUTH_ANGLE>
                    <VIEWING_ANGLE_ACROSS_TRACK>12.281696055445705</VIEWING_ANGLE_ACROSS_TRACK>
                    <VIEWING_ANGLE_ALONG_TRACK>8.896542560801292</VIEWING_ANGLE_ALONG_TRACK>
                    <VIEWING_ANGLE>15.009940329854114</VIEWING_ANGLE>
                    <INCIDENCE_ANGLE_ALONG_TRACK>-13.145554162379756</INCIDENCE_ANGLE_ALONG_TRACK>
                    <INCIDENCE_ANGLE_ACROSS_TRACK>-10.686958895258723</INCIDENCE_ANGLE_ACROSS_TRACK>
                    <INCIDENCE_ANGLE>16.71302243551579</INCIDENCE_ANGLE>
                </Acquisition_Angles>
                <Solar_Incidences>
                    <SUN_AZIMUTH>149.11266992394076</SUN_AZIMUTH>
                    <SUN_ELEVATION>49.37595900649667</SUN_ELEVATION>
                </Solar_Incidences>
                <Ground_Sample_Distance>
                    <GSD_ACROSS_TRACK>9.331721837320508</GSD_ACROSS_TRACK>
                    <GSD_ALONG_TRACK>9.45018097039334</GSD_ALONG_TRACK>
                </Ground_Sample_Distance>
            </Located_Geometric_Values>
            <Located_Geometric_Values>
                <LOCATION_TYPE>Center</LOCATION_TYPE>
                <COL>48</COL>
                <ROW>68</ROW>
                <TIME>2023-09-05T10:34:38.524Z</TIME>
                <SATELLITE_ALTITUDE>704059.7025647108</SATELLITE_ALTITUDE>
                <Acquisition_Angles>
                    <AZIMUTH_ANGLE>321.0056387355254</AZIMUTH_ANGLE>
                    <VIEWING_ANGLE_ACROSS_TRACK>12.297287492544982</VIEWING_ANGLE_ACROSS_TRACK>
                    <VIEWING_ANGLE_ALONG_TRACK>8.892808597310768</VIEWING_ANGLE_ALONG_TRACK>
                    <VIEWING_ANGLE>15.020231389957681</VIEWING_ANGLE>
                    <INCIDENCE_ANGLE_ALONG_TRACK>-13.14674298470485</INCIDENCE_ANGLE_ALONG_TRACK>
                    <INCIDENCE_ANGLE_ACROSS_TRACK>-10.704764569345505</INCIDENCE_ANGLE_ACROSS_TRACK>
                    <INCIDENCE_ANGLE>16.72455277037238</INCIDENCE_ANGLE>
                </Acquisition_Angles>
                <Solar_Incidences>
                    <SUN_AZIMUTH>149.11635376656855</SUN_AZIMUTH>
                    <SUN_ELEVATION>49.376927422388725</SUN_ELEVATION>
                </Solar_Incidences>
                <Ground_Sample_Distance>
                    <GSD_ACROSS_TRACK>9.332908841460798</GSD_ACROSS_TRACK>
                    <GSD_ALONG_TRACK>9.450250433765085</GSD_ALONG_TRACK>
                </Ground_Sample_Distance>
            </Located_Geometric_Values>
            <Located_Geometric_Values>
                <LOCATION_TYPE>CenterRight</LOCATION_TYPE>
                <COL>96</COL>
                <ROW>68</ROW>
                <TIME>2023-09-05T10:34:38.523Z</TIME>
                <SATELLITE_ALTITUDE>704059.7220321782</SATELLITE_ALTITUDE>
                <Acquisition_Angles>
                    <AZIMUTH_ANGLE>320.95946276143104</AZIMUTH_ANGLE>
                    <VIEWING_ANGLE_ACROSS_TRACK>12.313209692759362</VIEWING_ANGLE_ACROSS_TRACK>
                    <VIEWING_ANGLE_ALONG_TRACK>8.88899492639453</VIEWING_ANGLE_ALONG_TRACK>
                    <VIEWING_ANGLE>15.030751019628891</VIEWING_ANGLE>
                    <INCIDENCE_ANGLE_ALONG_TRACK>-13.147958751368945</INCIDENCE_ANGLE_ALONG_TRACK>
                    <INCIDENCE_ANGLE_ACROSS_TRACK>-10.722948250824402</INCIDENCE_ANGLE_ACROSS_TRACK>
                    <INCIDENCE_ANGLE>16.736339124330637</INCIDENCE_ANGLE>
                </Acquisition_Angles>
                <Solar_Incidences>
                    <SUN_AZIMUTH>149.12011613547406</SUN_AZIMUTH>
                    <SUN_ELEVATION>49.377916336818394</SUN_ELEVATION>
                </Solar_Incidences>
                <Ground_Sample_Distance>
                    <GSD_ACROSS_TRACK>9.334120265554759</GSD_ACROSS_TRACK>
                    <GSD_ALONG_TRACK>9.450841116801064</GSD_ALONG_TRACK>
                </Ground_Sample_Distance>
            </Located_Geometric_Values>
            <Located_Geometric_Values>
                <LOCATION_TYPE>BottomLeft</LOCATION_TYPE>
                <COL>1</COL>
                <ROW>136</ROW>
                <TIME>2023-09-05T10:34:38.583Z</TIME>
                <SATELLITE_ALTITUDE>704058.9417999443</SATELLITE_ALTITUDE>
                <Acquisition_Angles>
                    <AZIMUTH_ANGLE>321.0341724446315</AZIMUTH_ANGLE>
                    <VIEWING_ANGLE_ACROSS_TRACK>12.290146289472824</VIEWING_ANGLE_ACROSS_TRACK>
                    <VIEWING_ANGLE_ALONG_TRACK>8.897378039224098</VIEWING_ANGLE_ALONG_TRACK>
                    <VIEWING_ANGLE>15.01711105426917</VIEWING_ANGLE>
                    <INCIDENCE_ANGLE_ALONG_TRACK>-13.14939949315309</INCIDENCE_ANGLE_ALONG_TRACK>
                    <INCIDENCE_ANGLE_ACROSS_TRACK>-10.695579653722644</INCIDENCE_ANGLE_ACROSS_TRACK>
                    <INCIDENCE_ANGLE>16.721063118453873</INCIDENCE_ANGLE>
                </Acquisition_Angles>
                <Solar_Incidences>
                    <SUN_AZIMUTH>149.11074813289352</SUN_AZIMUTH>
                    <SUN_ELEVATION>49.37928987742556</SUN_ELEVATION>
                </Solar_Incidences>
                <Ground_Sample_Distance>
                    <GSD_ACROSS_TRACK>9.332438555975479</GSD_ACROSS_TRACK>
                    <GSD_ALONG_TRACK>9.45055500103837</GSD_ALONG_TRACK>
                </Ground_Sample_Distance>
            </Located_Geometric_Values>
            <Located_Geometric_Values>
                <LOCATION_TYPE>BottomCenter</LOCATION_TYPE>
                <COL>48</COL>
                <ROW>136</ROW>
                <TIME>2023-09-05T10:34:38.582Z</TIME>
                <SATELLITE_ALTITUDE>704058.9598106984</SATELLITE_ALTITUDE>
                <Acquisition_Angles>
                    <AZIMUTH_ANGLE>320.9888764584534</AZIMUTH_ANGLE>
                    <VIEWING_ANGLE_ACROSS_TRACK>12.30575619643322</VIEWING_ANGLE_ACROSS_TRACK>
                    <VIEWING_ANGLE_ALONG_TRACK>8.893641693877258</VIEWING_ANGLE_ALONG_TRACK>
                    <VIEWING_ANGLE>15.0274189728582</VIEWING_ANGLE>
                    <INCIDENCE_ANGLE_ALONG_TRACK>-13.150587548349888</INCIDENCE_ANGLE_ALONG_TRACK>
                    <INCIDENCE_ANGLE_ACROSS_TRACK>-10.713408802235877</INCIDENCE_ANGLE_ACROSS_TRACK>
                    <INCIDENCE_ANGLE>16.732609734522583</INCIDENCE_ANGLE>
                </Acquisition_Angles>
                <Solar_Incidences>
                    <SUN_AZIMUTH>149.11443232477967</SUN_AZIMUTH>
                    <SUN_ELEVATION>49.38025845327926</SUN_ELEVATION>
                </Solar_Incidences>
                <Ground_Sample_Distance>
                    <GSD_ACROSS_TRACK>9.333613108103629</GSD_ACROSS_TRACK>
                    <GSD_ALONG_TRACK>9.45078966117506</GSD_ALONG_TRACK>
                </Ground_Sample_Distance>
            </Located_Geometric_Values>
            <Located_Geometric_Values>
                <LOCATION_TYPE>BottomRight</LOCATION_TYPE>
                <COL>96</COL>
                <ROW>136</ROW>
                <TIME>2023-09-05T10:34:38.581Z</TIME>
                <SATELLITE_ALTITUDE>704058.972723878</SATELLITE_ALTITUDE>
                <Acquisition_Angles>
                    <AZIMUTH_ANGLE>320.941959283839</AZIMUTH_ANGLE>
                    <VIEWING_ANGLE_ACROSS_TRACK>12.321960624824799</VIEWING_ANGLE_ACROSS_TRACK>
                    <VIEWING_ANGLE_ALONG_TRACK>8.889784908679053</VIEWING_ANGLE_ALONG_TRACK>
                    <VIEWING_ANGLE>15.0381424438781</VIEWING_ANGLE>
                    <INCIDENCE_ANGLE_ALONG_TRACK>-13.151759774547024</INCIDENCE_ANGLE_ALONG_TRACK>
                    <INCIDENCE_ANGLE_ACROSS_TRACK>-10.731956039268923</INCIDENCE_ANGLE_ACROSS_TRACK>
                    <INCIDENCE_ANGLE>16.74458382544224</INCIDENCE_ANGLE>
                </Acquisition_Angles>
                <Solar_Incidences>
                    <SUN_AZIMUTH>149.1181976001233</SUN_AZIMUTH>
                    <SUN_ELEVATION>49.38124819916484</SUN_ELEVATION>
                </Solar_Incidences>
                <Ground_Sample_Distance>
                    <GSD_ACROSS_TRACK>9.334623668591165</GSD_ACROSS_TRACK>
                    <GSD_ALONG_TRACK>9.451014899996071</GSD_ALONG_TRACK>
                </Ground_Sample_Distance>
            </Located_Geometric_Values>
        </Use_Area>
    </Geometric_Data>
    <Quality_Assessment>
        <Planimetric_Accuracy_Measurement>
            <QUALITY_TABLES>DTED2</QUALITY_TABLES>
            <MEASURE_NAME>Absolute Horizontal Accuracy</MEASURE_NAME>
            <MEASURE_ID>AHA</MEASURE_ID>
            <MEASURE_DESC>Absolute Horizontal Accuracy</MEASURE_DESC>
            <MEASURE_TYPE>MATCHING</MEASURE_TYPE>
            <MEASURE_UNIT unit="m"></MEASURE_UNIT>
        </Planimetric_Accuracy_Measurement>
        <Imaging_Quality_Measurement>
            <QUALITY_TABLES>SPOT</QUALITY_TABLES>
            <MEASURE_NAME>Area_Of_Interest (ROI)</MEASURE_NAME>
            <MEASURE_DESC>Region of interest mask</MEASURE_DESC>
            <MEASURE_TYPE>AUTOMATIC</MEASURE_TYPE>
            <Quality_Mask>
                <Component>
                    <COMPONENT_TITLE>Area_Of_Interest Mask</COMPONENT_TITLE>
                    <COMPONENT_CONTENT>GML MASK</COMPONENT_CONTENT>
                    <COMPONENT_TYPE>ENCAPSULATED</COMPONENT_TYPE>
                    <COMPONENT_PATH href="MASKS/ROI_SPOT6_MS_202309051034367_ORT_a7f4e2b3-ba93-4f14-cf78-afda1bc5e4cc_MSK.GML"></COMPONENT_PATH>
                </Component>
            </Quality_Mask>
        </Imaging_Quality_Measurement>
        <Imaging_Quality_Measurement>
            <QUALITY_TABLES>SPOT</QUALITY_TABLES>
            <MEASURE_NAME>Cloud_Cotation (CLD)</MEASURE_NAME>
            <MEASURE_DESC>Clouds mask</MEASURE_DESC>
            <MEASURE_TYPE>AUTOMATIC</MEASURE_TYPE>
            <Quality_Mask>
                <Component>
                    <COMPONENT_TITLE>Cloud_Cotation Mask</COMPONENT_TITLE>
                    <COMPONENT_CONTENT>GML MASK</COMPONENT_CONTENT>
                    <COMPONENT_TYPE>ENCAPSULATED</COMPONENT_TYPE>
                    <COMPONENT_PATH href="MASKS/CLD_SPOT6_MS_202309051034367_ORT_a7f4e2b3-ba93-4f14-cf78-afda1bc5e4cc_MSK.GML"></COMPONENT_PATH>
                </Component>
            </Quality_Mask>
        </Imaging_Quality_Measurement>
        <Imaging_Quality_Measurement>
            <QUALITY_TABLES>SPOT</QUALITY_TABLES>
            <MEASURE_NAME>Detector_Quality (DET)</MEASURE_NAME>
            <MEASURE_DESC>Bad detector mask</MEASURE_DESC>
            <MEASURE_TYPE>AUTOMATIC</MEASURE_TYPE>
            <Quality_Mask>
                <Component>
                    <COMPONENT_TITLE>Detector_Quality Mask</COMPONENT_TITLE>
                    <COMPONENT_CONTENT>GML MASK</COMPONENT_CONTENT>
                    <COMPONENT_TYPE>ENCAPSULATED</COMPONENT_TYPE>
                    <COMPONENT_PATH href="MASKS/DET_SPOT6_MS_202309051034367_ORT_a7f4e2b3-ba93-4f14-cf78-afda1bc5e4cc_MSK.GML"></COMPONENT_PATH>
                </Component>
            </Quality_Mask>
        </Imaging_Quality_Measurement>
        <Imaging_Quality_Measurement>
            <QUALITY_TABLES>SPOT</QUALITY_TABLES>
            <MEASURE_NAME>Saturation_Cotation (SLT)</MEASURE_NAME>
            <MEASURE_DESC>Saturation and associated ghosts mask</MEASURE_DESC>
            <MEASURE_TYPE>AUTOMATIC</MEASURE_TYPE>
            <Quality_Mask>
                <Component>
                    <COMPONENT_TITLE>Saturation_Cotation Mask</COMPONENT_TITLE>
                    <COMPONENT_CONTENT>GML MASK</COMPONENT_CONTENT>
                    <COMPONENT_TYPE>ENCAPSULATED</COMPONENT_TYPE>
                    <COMPONENT_PATH href="MASKS/SLT_SPOT6_MS_202309051034367_ORT_a7f4e2b3-ba93-4f14-cf78-afda1bc5e4cc_MSK.GML"></COMPONENT_PATH>
                </Component>
            </Quality_Mask>
        </Imaging_Quality_Measurement>
        <Imaging_Quality_Measurement>
            <QUALITY_TABLES>SPOT</QUALITY_TABLES>
            <MEASURE_NAME>Snow_Cotation (SNW)</MEASURE_NAME>
            <MEASURE_DESC>Snow mask</MEASURE_DESC>
            <MEASURE_TYPE>AUTOMATIC</MEASURE_TYPE>
            <Quality_Mask>
                <Component>
                    <COMPONENT_TITLE>Snow_Cotation Mask</COMPONENT_TITLE>
                    <COMPONENT_CONTENT>GML MASK</COMPONENT_CONTENT>
                    <COMPONENT_TYPE>ENCAPSULATED</COMPONENT_TYPE>
                    <COMPONENT_PATH href="MASKS/SNW_SPOT6_MS_202309051034367_ORT_a7f4e2b3-ba93-4f14-cf78-afda1bc5e4cc_MSK.GML"></COMPONENT_PATH>
                </Component>
            </Quality_Mask>
        </Imaging_Quality_Measurement>
        <Imaging_Quality_Measurement>
            <QUALITY_TABLES>SPOT</QUALITY_TABLES>
            <MEASURE_NAME>Technical_Index (QTE)</MEASURE_NAME>
            <MEASURE_DESC>QT mask</MEASURE_DESC>
            <MEASURE_TYPE>AUTOMATIC</MEASURE_TYPE>
            <Quality_Mask>
                <Component>
                    <COMPONENT_TITLE>Technical_Index Mask</COMPONENT_TITLE>
                    <COMPONENT_CONTENT>GML MASK</COMPONENT_CONTENT>
                    <COMPONENT_TYPE>ENCAPSULATED</COMPONENT_TYPE>
                    <COMPONENT_PATH href="MASKS/QTE_SPOT6_MS_202309051034367_ORT_a7f4e2b3-ba93-4f14-cf78-afda1bc5e4cc_MSK.GML"></COMPONENT_PATH>
                </Component>
            </Quality_Mask>
        </Imaging_Quality_Measurement>
    </Quality_Assessment>
    <Dataset_Sources>
        
        <Source_Identification>
            <SOURCE_ID>DS_SPOT6_202309051034367_FR1_FR1_FR1_FR1_E001N44_01140</SOURCE_ID>
            <SOURCE_TYPE>Strip_Source</SOURCE_TYPE>
            <SOURCE_DESCRIPTION>SPOT 6 Data Strip</SOURCE_DESCRIPTION>
            <Strip_Source>
                <MISSION>SPOT</MISSION>
                <MISSION_INDEX>6</MISSION_INDEX>
                <INSTRUMENT>SPOT</INSTRUMENT>
                <INSTRUMENT_INDEX>6</INSTRUMENT_INDEX>
                <IMAGING_DATE>2023-09-05</IMAGING_DATE>
                <IMAGING_TIME>10:34:36.7</IMAGING_TIME>
                <BAND_MODE>PMS</BAND_MODE>
            </Strip_Source>
            <Component>
                <COMPONENT_TITLE>Strip Source</COMPONENT_TITLE>
                <COMPONENT_CONTENT>Lineage Information</COMPONENT_CONTENT>
                <COMPONENT_TYPE>DIMAP</COMPONENT_TYPE>
                <COMPONENT_PATH href="LINEAGE/STRIP_DS_SPOT6_202309051034367_FR1_FR1_FR1_FR1_E001N44_01140_DIM.XML"></COMPONENT_PATH>
            </Component>
        </Source_Identification>
        <Source_Identification>
            <SOURCE_ID>R3D_OR_N43E001</SOURCE_ID>
            <SOURCE_TYPE>Ground_Source</SOURCE_TYPE>
            <SOURCE_DESCRIPTION>One square degre MOSAIC post at 1/12th of the DTED2 DEM sampling</SOURCE_DESCRIPTION>
            <Component>
                <COMPONENT_TITLE>Source for Ground reset</COMPONENT_TITLE>
                <COMPONENT_CONTENT>Lineage Information</COMPONENT_CONTENT>
                <COMPONENT_TYPE>DIMAP</COMPONENT_TYPE>
                <COMPONENT_PATH href="LINEAGE/GROUND_R3D_OR_N43E001_DIM.XML"></COMPONENT_PATH>
            </Component>
        </Source_Identification>
    </Dataset_Sources>
</Dimap_Document>