<?xml version="1.0" encoding="UTF-8"?>
<Dimap_Document xsi:noNamespaceSchemaLocation="processing.xsd" version="2.12" xmlns:xlink="http://www.w3.org/1999/xlink" xmlns:xsi="http://www.w3.org/2001/XMLSchema-instance">
    <Metadata_Identification>
        <METADATA_FORMAT version="2.12">DIMAP</METADATA_FORMAT>
        <METADATA_PROFILE>S6_ORTHO</METADATA_PROFILE>
        <METADATA_SUBPROFILE>PROCESSING</METADATA_SUBPROFILE>
        <METADATA_LANGUAGE>en</METADATA_LANGUAGE>
    </Metadata_Identification>
    <Coordinate_Reference_System>
        <Temporal_CRS>
            <CRS_TABLES version="0.0">ITU</CRS_TABLES>
            <TEMPORAL_CRS_NAME>UTC</TEMPORAL_CRS_NAME>
        </Temporal_CRS>
    </Coordinate_Reference_System>
    <Processing_Step_List>
        <Processing_Step>
            <PROCESSING_LEVEL>L1</PROCESSING_LEVEL>
            <TIME>2023-09-06T00:41:20.000000</TIME>
            <SOFTWARE version="2.18.2">AstroTerra Imaging</SOFTWARE>
        </Processing_Step>
        <Processing_Step>
            <PROCESSING_LEVEL>L1</PROCESSING_LEVEL>
            <TIME>2023-09-06T00:49:59.00Z</TIME>
            <SOFTWARE version="PFS_7.2 release 2 []">Pixel Factory Subsystem</SOFTWARE>
        </Processing_Step>
        <Processing_Step>
            <TIME>2023-09-06T00:57:42Z</TIME>
            <SOFTWARE version="3.1.1">ReflectanceDisplay</SOFTWARE>
        </Processing_Step>
        <Processing_Step>
            <PROCESSING_LEVEL>ORTHO</PROCESSING_LEVEL>
            <TIME>2023-10-01T20:53:51.932Z</TIME>
            <SOFTWARE version="">Ingestor</SOFTWARE>
        </Processing_Step>
        <Processing_Step>
            <PROCESSING_LEVEL>ORTHO</PROCESSING_LEVEL>
            <TIME>2023-10-01T20:53:51.932Z</TIME>
            <SOFTWARE version="20.7.0.2-one-atlas-mnt">GeoPaaS</SOFTWARE>
        </Processing_Step>
        <Processing_Step>
            <PROCESSING_LEVEL>ORTHO</PROCESSING_LEVEL>
            <TIME>2023-10-01T20:53:51.932Z</TIME>
            <SOFTWARE version="v75.0.6">Format</SOFTWARE>
        </Processing_Step>
    </Processing_Step_List>
    <Processing_Parameter_List>
        <Processing_Parameter>
            <PARAMETER_TYPE>INVENTORY</PARAMETER_TYPE>
            <PARAMETER_ID>GIPP_SPOT6_INVENTORY_2012-09-09T09:50:00.000_9</PARAMETER_ID>
        </Processing_Parameter>
        <Processing_Parameter>
            <PARAMETER_TYPE>GEOMETRY</PARAMETER_TYPE>
            <PARAMETER_ID>GIPP_SPOT6_GEOMETRY_2015-03-24T13:35:00.000_20</PARAMETER_ID>
        </Processing_Parameter>
        <Processing_Parameter>
            <PARAMETER_TYPE>RADIOMETRY</PARAMETER_TYPE>
            <PARAMETER_ID>GIPP_SPOT6_RADIOMETRY_2023-01-01T00:00:00.000_66</PARAMETER_ID>
        </Processing_Parameter>
        <Processing_Parameter>
            <PARAMETER_TYPE>PRODUCTION</PARAMETER_TYPE>
            <PARAMETER_ID>GIPP_SPOT6_PRODUCTION_2012-09-09T13:10:00.000_18</PARAMETER_ID>
        </Processing_Parameter>
        <Processing_Parameter>
            <PARAMETER_TYPE>DECOMPRESSION</PARAMETER_TYPE>
            <PARAMETER_ID>GIPP_SPOT6_DECOMPRESSION_2012-01-01T00:00:00.000_001</PARAMETER_ID>
        </Processing_Parameter>
        <Processing_Parameter>
            <PARAMETER_TYPE>GeoPaaS</PARAMETER_TYPE>
            <PARAMETER_ID>default-SPOT6-2022-11-18</PARAMETER_ID>
        </Processing_Parameter>
        <Processing_Parameter>
            <PARAMETER_TYPE>Format</PARAMETER_TYPE>
            <PARAMETER_ID>default-spot6-2022-01-12</PARAMETER_ID>
        </Processing_Parameter>
    </Processing_Parameter_List>
</Dimap_Document>