<?xml version="1.0" encoding="ISO-8859-1" standalone="no"?>
<Dimap_Document xmlns:xlink="http://www.w3.org/1999/xlink" xmlns:xsi="http://www.w3.org/2001/XMLSchema-instance" xsi:noNamespaceSchemaLocation="strip_source.xsd" version="2.12">
  <Metadata_Identification>
    <METADATA_FORMAT version="2.12">DIMAP</METADATA_FORMAT>
    <METADATA_PROFILE>S6_ARCHIVE</METADATA_PROFILE>
    <METADATA_SUBPROFILE>STRIP</METADATA_SUBPROFILE>
    <METADATA_LANGUAGE>en</METADATA_LANGUAGE>
  </Metadata_Identification>
  <Strip_Identification>
    <STRIP_ID>DS_SPOT6_202309051034367_FR1_FR1_FR1_FR1_E001N44_01140</STRIP_ID>
    <STRIP_TYPE>NOMINAL</STRIP_TYPE>
    <Mission_Identification>
      <MISSION>SPOT</MISSION>
      <MISSION_INDEX>6</MISSION_INDEX>
    </Mission_Identification>
    <Instrument_Identification>
      <INSTRUMENT>SPOT</INSTRUMENT>
      <INSTRUMENT_INDEX>6</INSTRUMENT_INDEX>
      <INSTRUMENT_TYPE>PUSHBROOM</INSTRUMENT_TYPE>
    </Instrument_Identification>
  </Strip_Identification>
  <Strip_Information>
    <Producer_Information>
      <PRODUCER_CONTACT>sales@airbus.com</PRODUCER_CONTACT>
    </Producer_Information>
  </Strip_Information>
  <Acquisition_Configuration>
    <Platform_Configuration>
      <Ephemeris_Configuration>
        <NADIR_LAT>4.4873563421377050e+01</NADIR_LAT>
        <NADIR_LON>-1.5542832934723114e-01</NADIR_LON>
        <ACQUISITION_ORBIT_NUMBER>293</ACQUISITION_ORBIT_NUMBER>
        <ACQUISITION_ORBIT_DIRECTION>DESCENDING</ACQUISITION_ORBIT_DIRECTION>
        <Sensors_In_Use>
          <GPS>true</GPS>
        </Sensors_In_Use>
      </Ephemeris_Configuration>
      <Attitudes_Configuration>
        <HYBRIDATION_FLAG>true</HYBRIDATION_FLAG>
        <ATTITUDE_TYPE>CORRECTED</ATTITUDE_TYPE>
        <Sensors_In_Use>
          <SST1>true</SST1>
          <SST2>true</SST2>
          <SST3>true</SST3>
          <FOG1>true</FOG1>
          <FOG2>true</FOG2>
          <FOG3>true</FOG3>
          <FOG4>true</FOG4>
        </Sensors_In_Use>
      </Attitudes_Configuration>
    </Platform_Configuration>
    <Instrument_Configuration>
      <BAND_MODE>PX</BAND_MODE>
      <Instrument_Configuration_List>
        <TDI_CONFIG>5</TDI_CONFIG>
        <Band_Configuration>
          <BAND_ID>B0</BAND_ID>
          <COMPRESSION_RATIO>3.3300000000000001e+00</COMPRESSION_RATIO>
          <THEORETICAL_RESOLUTION unit="m">8.8</THEORETICAL_RESOLUTION>
          <Subswath_Configuration>
            <ARRAY_MODE>1A1B2A2B</ARRAY_MODE>
          </Subswath_Configuration>
        </Band_Configuration>
        <Band_Configuration>
          <BAND_ID>B1</BAND_ID>
          <COMPRESSION_RATIO>3.3300000000000001e+00</COMPRESSION_RATIO>
          <THEORETICAL_RESOLUTION unit="m">8.8</THEORETICAL_RESOLUTION>
          <Subswath_Configuration>
            <ARRAY_MODE>1A1B2A2B</ARRAY_MODE>
          </Subswath_Configuration>
        </Band_Configuration>
        <Band_Configuration>
          <BAND_ID>B2</BAND_ID>
          <COMPRESSION_RATIO>3.3300000000000001e+00</COMPRESSION_RATIO>
          <THEORETICAL_RESOLUTION unit="m">8.8</THEORETICAL_RESOLUTION>
          <Subswath_Configuration>
            <ARRAY_MODE>1A1B2A2B</ARRAY_MODE>
          </Subswath_Configuration>
        </Band_Configuration>
        <Band_Configuration>
          <BAND_ID>B3</BAND_ID>
          <COMPRESSION_RATIO>3.3300000000000001e+00</COMPRESSION_RATIO>
          <THEORETICAL_RESOLUTION unit="m">8.8</THEORETICAL_RESOLUTION>
          <Subswath_Configuration>
            <ARRAY_MODE>1A1B2A2B</ARRAY_MODE>
          </Subswath_Configuration>
        </Band_Configuration>
        <Band_Configuration>
          <BAND_ID>P</BAND_ID>
          <COMPRESSION_RATIO>2.8599999999999999e+00</COMPRESSION_RATIO>
          <THEORETICAL_RESOLUTION unit="m">2.2</THEORETICAL_RESOLUTION>
          <Subswath_Configuration>
            <ARRAY_MODE>1A1B2A2B</ARRAY_MODE>
          </Subswath_Configuration>
        </Band_Configuration>
      </Instrument_Configuration_List>
      <Time_Configuration>
        <Coordinate_Reference_System>
          <Temporal_CRS>
            <CRS_TABLES version="0.0">ITU</CRS_TABLES>
            <TEMPORAL_CRS_NAME>UTC</TEMPORAL_CRS_NAME>
          </Temporal_CRS>
        </Coordinate_Reference_System>
        <Time_Range>
          <START>2023-09-05T10:34:36.7493530Z</START>
          <END>2023-09-05T10:34:42.6243530Z</END>
        </Time_Range>
      </Time_Configuration>
    </Instrument_Configuration>
    <Quality_Assessment>
      <Ephemeris_Quality>
        <MEASURE_DESC>NA SPOT 6</MEASURE_DESC>
        <Quality_Values/>
      </Ephemeris_Quality>
      <Location_Quality>
        <MEASURE_DESC>NA SPOT 6</MEASURE_DESC>
        <Quality_Values/>
      </Location_Quality>
    </Quality_Assessment>
  </Acquisition_Configuration>
  <Telemetry_Configuration>
    <Telemetry>
      <COMPRESSION_RATIO_PAN>2.8599999999999999e+00</COMPRESSION_RATIO_PAN>
      <COMPRESSION_RATIO_MS>3.3300000000000001e+00</COMPRESSION_RATIO_MS>
    </Telemetry>
    <Receiving>
      <RECEIVING_STATION>FR1</RECEIVING_STATION>
      <ARCHIVING_CENTER>FR1</ARCHIVING_CENTER>
    </Receiving>
  </Telemetry_Configuration>
  <Raster_Data>
    <Full_Strip>
      <Raw_Raster>
        <PROCESSING_LEVEL>ARCHIVE</PROCESSING_LEVEL>
        <Coordinate_Reference_System>
          <Temporal_CRS>
            <CRS_TABLES version="0.0">ITU</CRS_TABLES>
            <TEMPORAL_CRS_NAME>UTC</TEMPORAL_CRS_NAME>
          </Temporal_CRS>
        </Coordinate_Reference_System>
        <ARCHIVING_TIME>2023-09-05T10:52:32.929477Z</ARCHIVING_TIME>
      </Raw_Raster>
    </Full_Strip>
    <Use_Area_List>
      <PROCESSING_LEVEL>L1</PROCESSING_LEVEL>
      <Use_Area>
        <Bounding_Polygon>
          <Band_Polygon_List>
            <Band_Polygon>
              <BAND_ID>B0</BAND_ID>
              <Subswath_Coordinates_List>
                <Subswath_Coordinates>
                  <SUBSWATH_NUMBER>1</SUBSWATH_NUMBER>
                  <Vertex>
                    <LON>1.6656616883078386e+00</LON>
                    <LAT>4.3672371230077907e+01</LAT>
                    <COL>0</COL>
                    <ROW>0</ROW>
                  </Vertex>
                  <Vertex>
                    <LON>1.8718612393899969e+00</LON>
                    <LAT>4.3662567671855584e+01</LAT>
                    <COL>1747</COL>
                    <ROW>0</ROW>
                  </Vertex>
                  <Vertex>
                    <LON>1.8726161861198036e+00</LON>
                    <LAT>4.3351576555493708e+01</LAT>
                    <COL>1747</COL>
                    <ROW>3643</ROW>
                  </Vertex>
                  <Vertex>
                    <LON>1.6659018127092375e+00</LON>
                    <LAT>4.3362137637533394e+01</LAT>
                    <COL>0</COL>
                    <ROW>3643</ROW>
                  </Vertex>
                </Subswath_Coordinates>
                <Subswath_Coordinates>
                  <SUBSWATH_NUMBER>2</SUBSWATH_NUMBER>
                  <Vertex>
                    <LON>1.4687941759892795e+00</LON>
                    <LAT>4.3677005182731016e+01</LAT>
                    <COL>0</COL>
                    <ROW>0</ROW>
                  </Vertex>
                  <Vertex>
                    <LON>1.6707585046466769e+00</LON>
                    <LAT>4.3671660151245923e+01</LAT>
                    <COL>1747</COL>
                    <ROW>0</ROW>
                  </Vertex>
                  <Vertex>
                    <LON>1.6708277267457028e+00</LON>
                    <LAT>4.3361981424004604e+01</LAT>
                    <COL>1747</COL>
                    <ROW>3636</ROW>
                  </Vertex>
                  <Vertex>
                    <LON>1.4687797506674523e+00</LON>
                    <LAT>4.3367837655414689e+01</LAT>
                    <COL>0</COL>
                    <ROW>3636</ROW>
                  </Vertex>
                </Subswath_Coordinates>
                <Subswath_Coordinates>
                  <SUBSWATH_NUMBER>3</SUBSWATH_NUMBER>
                  <Vertex>
                    <LON>1.2738984056945322e+00</LON>
                    <LAT>4.3685069490966235e+01</LAT>
                    <COL>0</COL>
                    <ROW>0</ROW>
                  </Vertex>
                  <Vertex>
                    <LON>1.4756503324939638e+00</LON>
                    <LAT>4.3676758635435235e+01</LAT>
                    <COL>1747</COL>
                    <ROW>0</ROW>
                  </Vertex>
                  <Vertex>
                    <LON>1.4757236164553313e+00</LON>
                    <LAT>4.3367486949292449e+01</LAT>
                    <COL>1747</COL>
                    <ROW>3638</ROW>
                  </Vertex>
                  <Vertex>
                    <LON>1.2739099854263474e+00</LON>
                    <LAT>4.3376385685608085e+01</LAT>
                    <COL>0</COL>
                    <ROW>3638</ROW>
                  </Vertex>
                </Subswath_Coordinates>
                <Subswath_Coordinates>
                  <SUBSWATH_NUMBER>4</SUBSWATH_NUMBER>
                  <Vertex>
                    <LON>1.0782888404484021e+00</LON>
                    <LAT>4.3689279669062415e+01</LAT>
                    <COL>0</COL>
                    <ROW>0</ROW>
                  </Vertex>
                  <Vertex>
                    <LON>1.2790245142060788e+00</LON>
                    <LAT>4.3685244939474366e+01</LAT>
                    <COL>1747</COL>
                    <ROW>0</ROW>
                  </Vertex>
                  <Vertex>
                    <LON>1.2788472019748078e+00</LON>
                    <LAT>4.3376211318554304e+01</LAT>
                    <COL>1747</COL>
                    <ROW>3642</ROW>
                  </Vertex>
                  <Vertex>
                    <LON>1.0779721014972203e+00</LON>
                    <LAT>4.3381027829305509e+01</LAT>
                    <COL>0</COL>
                    <ROW>3642</ROW>
                  </Vertex>
                </Subswath_Coordinates>
              </Subswath_Coordinates_List>
            </Band_Polygon>
            <Band_Polygon>
              <BAND_ID>B1</BAND_ID>
              <Subswath_Coordinates_List>
                <Subswath_Coordinates>
                  <SUBSWATH_NUMBER>1</SUBSWATH_NUMBER>
                  <Vertex>
                    <LON>1.6656884242929892e+00</LON>
                    <LAT>4.3672365478127851e+01</LAT>
                    <COL>0</COL>
                    <ROW>0</ROW>
                  </Vertex>
                  <Vertex>
                    <LON>1.8718481643848699e+00</LON>
                    <LAT>4.3662563918025533e+01</LAT>
                    <COL>1747</COL>
                    <ROW>0</ROW>
                  </Vertex>
                  <Vertex>
                    <LON>1.8726087786374801e+00</LON>
                    <LAT>4.3351580064846317e+01</LAT>
                    <COL>1747</COL>
                    <ROW>3643</ROW>
                  </Vertex>
                  <Vertex>
                    <LON>1.6659346254435177e+00</LON>
                    <LAT>4.3362137987362622e+01</LAT>
                    <COL>0</COL>
                    <ROW>3643</ROW>
                  </Vertex>
                </Subswath_Coordinates>
                <Subswath_Coordinates>
                  <SUBSWATH_NUMBER>2</SUBSWATH_NUMBER>
                  <Vertex>
                    <LON>1.4688233850757944e+00</LON>
                    <LAT>4.3676982068596097e+01</LAT>
                    <COL>0</COL>
                    <ROW>0</ROW>
                  </Vertex>
                  <Vertex>
                    <LON>1.6707399161138221e+00</LON>
                    <LAT>4.3671669261905258e+01</LAT>
                    <COL>1747</COL>
                    <ROW>0</ROW>
                  </Vertex>
                  <Vertex>
                    <LON>1.6708234703220595e+00</LON>
                    <LAT>4.3361989260935523e+01</LAT>
                    <COL>1747</COL>
                    <ROW>3636</ROW>
                  </Vertex>
                  <Vertex>
                    <LON>1.4688228937098580e+00</LON>
                    <LAT>4.3367812724250157e+01</LAT>
                    <COL>0</COL>
                    <ROW>3636</ROW>
                  </Vertex>
                </Subswath_Coordinates>
                <Subswath_Coordinates>
                  <SUBSWATH_NUMBER>3</SUBSWATH_NUMBER>
                  <Vertex>
                    <LON>1.2739177194976454e+00</LON>
                    <LAT>4.3685071659463702e+01</LAT>
                    <COL>0</COL>
                    <ROW>0</ROW>
                  </Vertex>
                  <Vertex>
                    <LON>1.4756522942915886e+00</LON>
                    <LAT>4.3676746745637985e+01</LAT>
                    <COL>1747</COL>
                    <ROW>0</ROW>
                  </Vertex>
                  <Vertex>
                    <LON>1.4757315864066556e+00</LON>
                    <LAT>4.3367480547643346e+01</LAT>
                    <COL>1747</COL>
                    <ROW>3638</ROW>
                  </Vertex>
                  <Vertex>
                    <LON>1.2739350246696424e+00</LON>
                    <LAT>4.3376392988812817e+01</LAT>
                    <COL>0</COL>
                    <ROW>3638</ROW>
                  </Vertex>
                </Subswath_Coordinates>
                <Subswath_Coordinates>
                  <SUBSWATH_NUMBER>4</SUBSWATH_NUMBER>
                  <Vertex>
                    <LON>1.0783113915112810e+00</LON>
                    <LAT>4.3689265215736135e+01</LAT>
                    <COL>0</COL>
                    <ROW>0</ROW>
                  </Vertex>
                  <Vertex>
                    <LON>1.2790005162109561e+00</LON>
                    <LAT>4.3685254505945530e+01</LAT>
                    <COL>1747</COL>
                    <ROW>0</ROW>
                  </Vertex>
                  <Vertex>
                    <LON>1.2788367616709315e+00</LON>
                    <LAT>4.3376218668128921e+01</LAT>
                    <COL>1747</COL>
                    <ROW>3642</ROW>
                  </Vertex>
                  <Vertex>
                    <LON>1.0780076989348706e+00</LON>
                    <LAT>4.3381010357020919e+01</LAT>
                    <COL>0</COL>
                    <ROW>3642</ROW>
                  </Vertex>
                </Subswath_Coordinates>
              </Subswath_Coordinates_List>
            </Band_Polygon>
            <Band_Polygon>
              <BAND_ID>B2</BAND_ID>
              <Subswath_Coordinates_List>
                <Subswath_Coordinates>
                  <SUBSWATH_NUMBER>1</SUBSWATH_NUMBER>
                  <Vertex>
                    <LON>1.6657443456639573e+00</LON>
                    <LAT>4.3672339174534542e+01</LAT>
                    <COL>0</COL>
                    <ROW>0</ROW>
                  </Vertex>
                  <Vertex>
                    <LON>1.8718180974199006e+00</LON>
                    <LAT>4.3662543138963677e+01</LAT>
                    <COL>1747</COL>
                    <ROW>0</ROW>
                  </Vertex>
                  <Vertex>
                    <LON>1.8725879535333430e+00</LON>
                    <LAT>4.3351576510639255e+01</LAT>
                    <COL>1747</COL>
                    <ROW>3643</ROW>
                  </Vertex>
                  <Vertex>
                    <LON>1.6659996808167348e+00</LON>
                    <LAT>4.3362127300785211e+01</LAT>
                    <COL>0</COL>
                    <ROW>3643</ROW>
                  </Vertex>
                </Subswath_Coordinates>
                <Subswath_Coordinates>
                  <SUBSWATH_NUMBER>2</SUBSWATH_NUMBER>
                  <Vertex>
                    <LON>1.4688727231255796e+00</LON>
                    <LAT>4.3676925820615899e+01</LAT>
                    <COL>0</COL>
                    <ROW>0</ROW>
                  </Vertex>
                  <Vertex>
                    <LON>1.6706984793820083e+00</LON>
                    <LAT>4.3671684670310611e+01</LAT>
                    <COL>1747</COL>
                    <ROW>0</ROW>
                  </Vertex>
                  <Vertex>
                    <LON>1.6708111645558195e+00</LON>
                    <LAT>4.3362002329124870e+01</LAT>
                    <COL>1747</COL>
                    <ROW>3636</ROW>
                  </Vertex>
                  <Vertex>
                    <LON>1.4689007925435358e+00</LON>
                    <LAT>4.3367752845105485e+01</LAT>
                    <COL>0</COL>
                    <ROW>3636</ROW>
                  </Vertex>
                </Subswath_Coordinates>
                <Subswath_Coordinates>
                  <SUBSWATH_NUMBER>3</SUBSWATH_NUMBER>
                  <Vertex>
                    <LON>1.2739570217739895e+00</LON>
                    <LAT>4.3685062089201161e+01</LAT>
                    <COL>0</COL>
                    <ROW>0</ROW>
                  </Vertex>
                  <Vertex>
                    <LON>1.4756462953604326e+00</LON>
                    <LAT>4.3676713212992446e+01</LAT>
                    <COL>1747</COL>
                    <ROW>0</ROW>
                  </Vertex>
                  <Vertex>
                    <LON>1.4757354377632055e+00</LON>
                    <LAT>4.3367460773807245e+01</LAT>
                    <COL>1747</COL>
                    <ROW>3638</ROW>
                  </Vertex>
                  <Vertex>
                    <LON>1.2739834607458902e+00</LON>
                    <LAT>4.3376396593218452e+01</LAT>
                    <COL>0</COL>
                    <ROW>3638</ROW>
                  </Vertex>
                </Subswath_Coordinates>
                <Subswath_Coordinates>
                  <SUBSWATH_NUMBER>4</SUBSWATH_NUMBER>
                  <Vertex>
                    <LON>1.0783454921071225e+00</LON>
                    <LAT>4.3689235581825670e+01</LAT>
                    <COL>0</COL>
                    <ROW>0</ROW>
                  </Vertex>
                  <Vertex>
                    <LON>1.2789513403372794e+00</LON>
                    <LAT>4.3685271211243695e+01</LAT>
                    <COL>1747</COL>
                    <ROW>0</ROW>
                  </Vertex>
                  <Vertex>
                    <LON>1.2788150479088738e+00</LON>
                    <LAT>4.3376231579000958e+01</LAT>
                    <COL>1747</COL>
                    <ROW>3642</ROW>
                  </Vertex>
                  <Vertex>
                    <LON>1.0780682016398977e+00</LON>
                    <LAT>4.3380975446844225e+01</LAT>
                    <COL>0</COL>
                    <ROW>3642</ROW>
                  </Vertex>
                </Subswath_Coordinates>
              </Subswath_Coordinates_List>
            </Band_Polygon>
            <Band_Polygon>
              <BAND_ID>B3</BAND_ID>
              <Subswath_Coordinates_List>
                <Subswath_Coordinates>
                  <SUBSWATH_NUMBER>1</SUBSWATH_NUMBER>
                  <Vertex>
                    <LON>1.6657190469450180e+00</LON>
                    <LAT>4.3672347946555078e+01</LAT>
                    <COL>0</COL>
                    <ROW>0</ROW>
                  </Vertex>
                  <Vertex>
                    <LON>1.8718281082192312e+00</LON>
                    <LAT>4.3662546699170321e+01</LAT>
                    <COL>1747</COL>
                    <ROW>0</ROW>
                  </Vertex>
                  <Vertex>
                    <LON>1.8725939830703375e+00</LON>
                    <LAT>4.3351570833181910e+01</LAT>
                    <COL>1747</COL>
                    <ROW>3643</ROW>
                  </Vertex>
                  <Vertex>
                    <LON>1.6659700676494904e+00</LON>
                    <LAT>4.3362127910335019e+01</LAT>
                    <COL>0</COL>
                    <ROW>3643</ROW>
                  </Vertex>
                </Subswath_Coordinates>
                <Subswath_Coordinates>
                  <SUBSWATH_NUMBER>2</SUBSWATH_NUMBER>
                  <Vertex>
                    <LON>1.4688597627583619e+00</LON>
                    <LAT>4.3676948541747286e+01</LAT>
                    <COL>0</COL>
                    <ROW>0</ROW>
                  </Vertex>
                  <Vertex>
                    <LON>1.6707234256734873e+00</LON>
                    <LAT>4.3671671280452756e+01</LAT>
                    <COL>1747</COL>
                    <ROW>0</ROW>
                  </Vertex>
                  <Vertex>
                    <LON>1.6708211283030481e+00</LON>
                    <LAT>4.3361990222250640e+01</LAT>
                    <COL>1747</COL>
                    <ROW>3636</ROW>
                  </Vertex>
                  <Vertex>
                    <LON>1.4688731801799491e+00</LON>
                    <LAT>4.3367777446773907e+01</LAT>
                    <COL>0</COL>
                    <ROW>3636</ROW>
                  </Vertex>
                </Subswath_Coordinates>
                <Subswath_Coordinates>
                  <SUBSWATH_NUMBER>3</SUBSWATH_NUMBER>
                  <Vertex>
                    <LON>1.2739408867586248e+00</LON>
                    <LAT>4.3685061153737230e+01</LAT>
                    <COL>0</COL>
                    <ROW>0</ROW>
                  </Vertex>
                  <Vertex>
                    <LON>1.4756439200429197e+00</LON>
                    <LAT>4.3676724242364699e+01</LAT>
                    <COL>1747</COL>
                    <ROW>0</ROW>
                  </Vertex>
                  <Vertex>
                    <LON>1.4757287779710402e+00</LON>
                    <LAT>4.3367464341133960e+01</LAT>
                    <COL>1747</COL>
                    <ROW>3638</ROW>
                  </Vertex>
                  <Vertex>
                    <LON>1.2739632577400004e+00</LON>
                    <LAT>4.3376388568784314e+01</LAT>
                    <COL>0</COL>
                    <ROW>3638</ROW>
                  </Vertex>
                </Subswath_Coordinates>
                <Subswath_Coordinates>
                  <SUBSWATH_NUMBER>4</SUBSWATH_NUMBER>
                  <Vertex>
                    <LON>1.0783332108989014e+00</LON>
                    <LAT>4.3689245556814527e+01</LAT>
                    <COL>0</COL>
                    <ROW>0</ROW>
                  </Vertex>
                  <Vertex>
                    <LON>1.2789799915954438e+00</LON>
                    <LAT>4.3685257364199160e+01</LAT>
                    <COL>1747</COL>
                    <ROW>0</ROW>
                  </Vertex>
                  <Vertex>
                    <LON>1.2788299538453924e+00</LON>
                    <LAT>4.3376219539564183e+01</LAT>
                    <COL>1747</COL>
                    <ROW>3642</ROW>
                  </Vertex>
                  <Vertex>
                    <LON>1.0780426020529397e+00</LON>
                    <LAT>4.3380988071543321e+01</LAT>
                    <COL>0</COL>
                    <ROW>3642</ROW>
                  </Vertex>
                </Subswath_Coordinates>
              </Subswath_Coordinates_List>
            </Band_Polygon>
            <Band_Polygon>
              <BAND_ID>P</BAND_ID>
              <Subswath_Coordinates_List>
                <Subswath_Coordinates>
                  <SUBSWATH_NUMBER>1</SUBSWATH_NUMBER>
                  <Vertex>
                    <LON>1.6657718150295799e+00</LON>
                    <LAT>4.3672319391447935e+01</LAT>
                    <COL>0</COL>
                    <ROW>0</ROW>
                  </Vertex>
                  <Vertex>
                    <LON>1.8718478853662899e+00</LON>
                    <LAT>4.3662520993529625e+01</LAT>
                    <COL>6991</COL>
                    <ROW>0</ROW>
                  </Vertex>
                  <Vertex>
                    <LON>1.8726216903484914e+00</LON>
                    <LAT>4.3351598864996760e+01</LAT>
                    <COL>6991</COL>
                    <ROW>14571</ROW>
                  </Vertex>
                  <Vertex>
                    <LON>1.6660310425374882e+00</LON>
                    <LAT>4.3362150416752328e+01</LAT>
                    <COL>0</COL>
                    <ROW>14571</ROW>
                  </Vertex>
                </Subswath_Coordinates>
                <Subswath_Coordinates>
                  <SUBSWATH_NUMBER>2</SUBSWATH_NUMBER>
                  <Vertex>
                    <LON>1.4688940335433276e+00</LON>
                    <LAT>4.3676929430780518e+01</LAT>
                    <COL>0</COL>
                    <ROW>0</ROW>
                  </Vertex>
                  <Vertex>
                    <LON>1.6707018378353000e+00</LON>
                    <LAT>4.3671763052389871e+01</LAT>
                    <COL>6991</COL>
                    <ROW>0</ROW>
                  </Vertex>
                  <Vertex>
                    <LON>1.6708487050903194e+00</LON>
                    <LAT>4.3361992285092910e+01</LAT>
                    <COL>6991</COL>
                    <ROW>14548</ROW>
                  </Vertex>
                  <Vertex>
                    <LON>1.4689525415006490e+00</LON>
                    <LAT>4.3367669408270238e+01</LAT>
                    <COL>0</COL>
                    <ROW>14548</ROW>
                  </Vertex>
                </Subswath_Coordinates>
                <Subswath_Coordinates>
                  <SUBSWATH_NUMBER>3</SUBSWATH_NUMBER>
                  <Vertex>
                    <LON>1.2739698193559179e+00</LON>
                    <LAT>4.3685094312170001e+01</LAT>
                    <COL>0</COL>
                    <ROW>0</ROW>
                  </Vertex>
                  <Vertex>
                    <LON>1.4756992011808536e+00</LON>
                    <LAT>4.3676715891092840e+01</LAT>
                    <COL>6991</COL>
                    <ROW>0</ROW>
                  </Vertex>
                  <Vertex>
                    <LON>1.4757930599218398e+00</LON>
                    <LAT>4.3367440281078473e+01</LAT>
                    <COL>6991</COL>
                    <ROW>14554</ROW>
                  </Vertex>
                  <Vertex>
                    <LON>1.2740001651880219e+00</LON>
                    <LAT>4.3376405441226851e+01</LAT>
                    <COL>0</COL>
                    <ROW>14554</ROW>
                  </Vertex>
                </Subswath_Coordinates>
                <Subswath_Coordinates>
                  <SUBSWATH_NUMBER>4</SUBSWATH_NUMBER>
                  <Vertex>
                    <LON>1.0783452049686881e+00</LON>
                    <LAT>4.3689243101259692e+01</LAT>
                    <COL>0</COL>
                    <ROW>0</ROW>
                  </Vertex>
                  <Vertex>
                    <LON>1.2789458884601499e+00</LON>
                    <LAT>4.3685325620174694e+01</LAT>
                    <COL>6991</COL>
                    <ROW>0</ROW>
                  </Vertex>
                  <Vertex>
                    <LON>1.2788407095494616e+00</LON>
                    <LAT>4.3376239319330161e+01</LAT>
                    <COL>6991</COL>
                    <ROW>14570</ROW>
                  </Vertex>
                  <Vertex>
                    <LON>1.0780978706868769e+00</LON>
                    <LAT>4.3380934993199659e+01</LAT>
                    <COL>0</COL>
                    <ROW>14570</ROW>
                  </Vertex>
                </Subswath_Coordinates>
              </Subswath_Coordinates_List>
            </Band_Polygon>
          </Band_Polygon_List>
        </Bounding_Polygon>
      </Use_Area>
    </Use_Area_List>
  </Raster_Data>
  <Radiometric_Data>
    <Full_Strip>
      <Raw_Radiometry>
        <PROCESSING_LEVEL>ARCHIVE</PROCESSING_LEVEL>
        <Bad_Data>
          <PXS_LOST_RETINA></PXS_LOST_RETINA>
          <Bad_Frames>
            <Band_BF_List>
              <Band_BF>
                <BAND_ID>P</BAND_ID>
                <ARRAY_ID>1A1</ARRAY_ID>
                <Subswath_BF_List/>
              </Band_BF>
              <Band_BF>
                <BAND_ID>P</BAND_ID>
                <ARRAY_ID>1B1</ARRAY_ID>
                <Subswath_BF_List/>
              </Band_BF>
              <Band_BF>
                <BAND_ID>P</BAND_ID>
                <ARRAY_ID>1A2</ARRAY_ID>
                <Subswath_BF_List/>
              </Band_BF>
              <Band_BF>
                <BAND_ID>P</BAND_ID>
                <ARRAY_ID>1B2</ARRAY_ID>
                <Subswath_BF_List/>
              </Band_BF>
              <Band_BF>
                <BAND_ID>P</BAND_ID>
                <ARRAY_ID>2A1</ARRAY_ID>
                <Subswath_BF_List/>
              </Band_BF>
              <Band_BF>
                <BAND_ID>P</BAND_ID>
                <ARRAY_ID>2B1</ARRAY_ID>
                <Subswath_BF_List/>
              </Band_BF>
              <Band_BF>
                <BAND_ID>P</BAND_ID>
                <ARRAY_ID>2A2</ARRAY_ID>
                <Subswath_BF_List/>
              </Band_BF>
              <Band_BF>
                <BAND_ID>P</BAND_ID>
                <ARRAY_ID>2B2</ARRAY_ID>
                <Subswath_BF_List/>
              </Band_BF>
              <Band_BF>
                <BAND_ID>B2</BAND_ID>
                <ARRAY_ID>1</ARRAY_ID>
                <Subswath_BF_List/>
              </Band_BF>
              <Band_BF>
                <BAND_ID>B3</BAND_ID>
                <ARRAY_ID>1</ARRAY_ID>
                <Subswath_BF_List/>
              </Band_BF>
              <Band_BF>
                <BAND_ID>B1</BAND_ID>
                <ARRAY_ID>1</ARRAY_ID>
                <Subswath_BF_List/>
              </Band_BF>
              <Band_BF>
                <BAND_ID>B0</BAND_ID>
                <ARRAY_ID>1</ARRAY_ID>
                <Subswath_BF_List/>
              </Band_BF>
              <Band_BF>
                <BAND_ID>B2</BAND_ID>
                <ARRAY_ID>2</ARRAY_ID>
                <Subswath_BF_List/>
              </Band_BF>
              <Band_BF>
                <BAND_ID>B3</BAND_ID>
                <ARRAY_ID>2</ARRAY_ID>
                <Subswath_BF_List/>
              </Band_BF>
              <Band_BF>
                <BAND_ID>B1</BAND_ID>
                <ARRAY_ID>2</ARRAY_ID>
                <Subswath_BF_List/>
              </Band_BF>
              <Band_BF>
                <BAND_ID>B0</BAND_ID>
                <ARRAY_ID>2</ARRAY_ID>
                <Subswath_BF_List/>
              </Band_BF>
            </Band_BF_List>
          </Bad_Frames>
        </Bad_Data>
      </Raw_Radiometry>
    </Full_Strip>
  </Radiometric_Data>
  <Geometric_Data>
    <Full_Strip>
      <Raw_Model>
        <PROCESSING_LEVEL>ARCHIVE</PROCESSING_LEVEL>
        <Time>
          <Coordinate_Reference_System>
            <Temporal_CRS>
              <CRS_TABLES version="0.0">ITU</CRS_TABLES>
              <TEMPORAL_CRS_NAME>UTC</TEMPORAL_CRS_NAME>
            </Temporal_CRS>
          </Coordinate_Reference_System>
          <Time_Range>
            <START>2023-09-05T10:34:36.7493530Z</START>
            <END>2023-09-05T10:34:42.6243530Z</END>
          </Time_Range>
        </Time>
      </Raw_Model>
    </Full_Strip>
  </Geometric_Data>
  <Catalog>
    <Coordinate_Reference_System>
      <Geodetic_CRS>
        <GEODETIC_CRS_TYPE>GEOGRAPHIC2D</GEODETIC_CRS_TYPE>
        <GEODETIC_CRS_NAME>WGS84</GEODETIC_CRS_NAME>
        <GEODETIC_CRS_CODE>urn:ogc:def:crs:EPSG::4326</GEODETIC_CRS_CODE>
      </Geodetic_CRS>
      <Temporal_CRS>
        <CRS_TABLES version="0.0">ITU</CRS_TABLES>
        <TEMPORAL_CRS_NAME>UTC</TEMPORAL_CRS_NAME>
      </Temporal_CRS>
    </Coordinate_Reference_System>
    <Full_Strip>
      <PROCESSING_LEVEL>ARCHIVE</PROCESSING_LEVEL>
      <Album_Footprint>
        <Vertex>
          <LON>1.8715166910714744e+00</LON>
          <LAT>4.3662514738485527e+01</LAT>
          <COL>900</COL>
          <ROW>40</ROW>
        </Vertex>
        <Vertex>
          <LON>1.0785777271874082e+00</LON>
          <LAT>4.3689226180757437e+01</LAT>
          <COL>1</COL>
          <ROW>40</ROW>
        </Vertex>
        <Vertex>
          <LON>1.8722577162122531e+00</LON>
          <LAT>4.3353815724660059e+01</LAT>
          <COL>900</COL>
          <ROW>492</ROW>
        </Vertex>
        <Vertex>
          <LON>1.0784939375214102e+00</LON>
          <LAT>4.3383096105129241e+01</LAT>
          <COL>1</COL>
          <ROW>492</ROW>
        </Vertex>
      </Album_Footprint>
    </Full_Strip>
  </Catalog>
  <Programming>
    <PROGRAMMING_REQUEST_ID></PROGRAMMING_REQUEST_ID>
    <COUPLING_MODE>NONE</COUPLING_MODE>
  </Programming>
</Dimap_Document>
