<?xml version="1.0" encoding="UTF-8"?>
<?xml-stylesheet href="LIBRARY/DS_STYLE.XSL" type="text/xsl"?>
<Dimap_Document xmlns:xlink="http://www.w3.org/1999/xlink" xmlns:xsi="http://www.w3.org/2001/XMLSchema-instance" version="0.2" xsi:noNamespaceSchemaLocation="">
    <Metadata_Identification>
        <METADATA_FORMAT>DIMAP</METADATA_FORMAT>
        <METADATA_PROFILE>DATASET</METADATA_PROFILE>
        <METADATA_SUBPROFILE>SINGLE_DATASET</METADATA_SUBPROFILE>
        <METADATA_LANGUAGE>English</METADATA_LANGUAGE>
    </Metadata_Identification>
    <Dataset_Identification>
        <DATASET_NAME>Product Description</DATASET_NAME>
        <DATASET_ID>1</DATASET_ID>
    </Dataset_Identification>
    <Product_Information>
        <Producer_Information>
            <PRODUCER_NAME>AIRBUS DS GEO</PRODUCER_NAME>
            <PRODUCER_URL href="http://www.geo-airbusds.com/"/>
            <PRODUCER_CONTACT>contact@geo-airbusds.com</PRODUCER_CONTACT>
            <PRODUCER_ADDRESS>5 rue des satellites - BP 14359 - F 31030 Toulouse Cedex 4 - France</PRODUCER_ADDRESS>
        </Producer_Information>
        <Distributor_Information>
            <DISTRIBUTOR_NAME>AIRBUS DS GEO</DISTRIBUTOR_NAME>
            <DISTRIBUTOR_URL href="http://www.geo-airbusds.com/"/>
            <DISTRIBUTOR_CONTACT>contact@geo-airbusds.com</DISTRIBUTOR_CONTACT>
            <DISTRIBUTOR_ADDRESS>5 rue des satellites - BP 14359 - F 31030 Toulouse Cedex 4 - France</DISTRIBUTOR_ADDRESS>
        </Distributor_Information>
        <Delivery_Identification>
            <PRODUCTION_DATE>2023-10-01T20:53:05.000Z</PRODUCTION_DATE>
            <DELIVERY_TYPE>NETWORK</DELIVERY_TYPE>
            <Order_Identification>
                <CUSTOMER_REFERENCE>C301000</CUSTOMER_REFERENCE>
                <INTERNAL_REFERENCE>0a6652d6-4e2e-410a-8655-23c7e1c36b9e</INTERNAL_REFERENCE>
                <COMMERCIAL_REFERENCE>1f43deb4-3292-4c02-82b2-d7997a28d460</COMMERCIAL_REFERENCE>
                <COMMENT>20-0004-03-3271/OneAtlas Living Library - Cdes Auto</COMMENT>
            </Order_Identification>
        </Delivery_Identification>
    </Product_Information>
    <Dataset_Components>
        <Component>
            <COMPONENT_TITLE>PROD_SPOT6_001</COMPONENT_TITLE>
            <COMPONENT_TYPE>DIMAP</COMPONENT_TYPE>
            <COMPONENT_PATH href="PROD_SPOT6_001/SPOT_PROD.XML"/>
        </Component>
        <Component>
            <COMPONENT_TITLE>Digital Documentation about DIMAP format</COMPONENT_TITLE>
            <COMPONENT_TYPE>ENCAPSULATED</COMPONENT_TYPE>
            <COMPONENT_PATH href="https://www.intelligence-airbusds.com/en/8718-user-guides"/>
        </Component>
    </Dataset_Components>
</Dimap_Document>