<?xml version="1.0" encoding="ISO-8859-1" standalone="no"?>
<?xml-stylesheet href="./LIBRARY/VOL_STYLE.XSL" type="text/xsl"?>
<Dimap_Document xmlns:xlink="http://www.w3.org/1999/xlink" xmlns:xsi="http://www.w3.org/2001/XMLSchema-instance" xsi:noNamespaceSchemaLocation="SPOT_vol.xsd" version="2.12">
    <Metadata_Identification>
        <METADATA_FORMAT version="2.12">DIMAP</METADATA_FORMAT>
        <METADATA_PROFILE>VOLUME</METADATA_PROFILE>
        <METADATA_SUBPROFILE>SINGLE_VOLUME</METADATA_SUBPROFILE>
        <METADATA_LANGUAGE>en</METADATA_LANGUAGE>
    </Metadata_Identification>
    <Dataset_Identification>
        <DATASET_NAME>SPOT Volume Description</DATASET_NAME>
        <DATASET_ID>A</DATASET_ID>
    </Dataset_Identification>
    <Product_Information>
        <Producer_Information>
            <PRODUCER_NAME>AIRBUS DS GEO</PRODUCER_NAME>
            <PRODUCER_URL href="http://www.geo-airbusds.com/"/>
            <PRODUCER_CONTACT>contact@geo-airbusds.com</PRODUCER_CONTACT>
            <PRODUCER_ADDRESS>5 rue des satellites - BP 14359 - F 31030 Toulouse Cedex 4 - France</PRODUCER_ADDRESS>
        </Producer_Information>
        <Distributor_Information>
            <DISTRIBUTOR_NAME>AIRBUS DS GEO</DISTRIBUTOR_NAME>
            <DISTRIBUTOR_URL href="http://www.geo-airbusds.com/"/>
            <DISTRIBUTOR_CONTACT>contact@geo-airbusds.com</DISTRIBUTOR_CONTACT>
            <DISTRIBUTOR_ADDRESS>5 rue des satellites - BP 14359 - F 31030 Toulouse Cedex 4 - France</DISTRIBUTOR_ADDRESS>
        </Distributor_Information>
        <Delivery_Identification>
            <PRODUCTION_DATE>2023-10-01T20:53:05.000Z</PRODUCTION_DATE>
            <JOB_ID>a7f4e2b3-ba93-4f14-cf78-afda1bc5e4cc</JOB_ID>
            <PRODUCT_CODE></PRODUCT_CODE>
            <PRODUCT_TYPE>NA</PRODUCT_TYPE>
            <PRODUCT_INFO>SPOT</PRODUCT_INFO>
            <Order_Identification>
                <CUSTOMER_REFERENCE>C301000</CUSTOMER_REFERENCE>
                <INTERNAL_REFERENCE>0a6652d6-4e2e-410a-8655-23c7e1c36b9e</INTERNAL_REFERENCE>
                <COMMERCIAL_REFERENCE>1f43deb4-3292-4c02-82b2-d7997a28d460</COMMERCIAL_REFERENCE>
                <COMMERCIAL_ITEM></COMMERCIAL_ITEM>
                <COMMENT>20-0004-03-3271/OneAtlas Living Library - Cdes Auto</COMMENT>
            </Order_Identification>
        </Delivery_Identification>
    </Product_Information>
    <Dataset_Content>
        <Dataset_Components>
            <Component>
                <COMPONENT_TITLE>ORTHO MS SPOT Volume Description</COMPONENT_TITLE>
                <COMPONENT_TYPE>DIMAP</COMPONENT_TYPE>
                <COMPONENT_PATH href="IMG_SPOT6_MS_001_A/DIM_SPOT6_MS_202309051034367_ORT_a7f4e2b3-ba93-4f14-cf78-afda1bc5e4cc.XML"/>
                <COMPONENT_TN_PATH href="IMG_SPOT6_MS_001_A/ICON_SPOT6_MS_202309051034367_ORT_a7f4e2b3-ba93-4f14-cf78-afda1bc5e4cc.JPG"/>
                <COMPONENT_TN_FORMAT>image/jpeg</COMPONENT_TN_FORMAT>
            </Component>
            <Component>
                <COMPONENT_TITLE>ORTHO P SPOT Volume Description</COMPONENT_TITLE>
                <COMPONENT_TYPE>DIMAP</COMPONENT_TYPE>
                <COMPONENT_PATH href="IMG_SPOT6_P_002_A/DIM_SPOT6_P_202309051034367_ORT_a7f4e2b3-ba93-4f14-cf78-afda1bc5e4cc.XML"/>
                <COMPONENT_TN_PATH href="IMG_SPOT6_P_002_A/ICON_SPOT6_P_202309051034367_ORT_a7f4e2b3-ba93-4f14-cf78-afda1bc5e4cc.JPG"/>
                <COMPONENT_TN_FORMAT>image/jpeg</COMPONENT_TN_FORMAT>
            </Component>
            <Component>
                <COMPONENT_TITLE>Digital Documentation about DIMAP format</COMPONENT_TITLE>
                <COMPONENT_TYPE>ENCAPSULATED</COMPONENT_TYPE>
                <COMPONENT_PATH href="https://www.intelligence-airbusds.com/en/8718-user-guides"/>
                <COMPONENT_TN_PATH href="LIBRARY/VOL_LOGO.JPG"/>
                <COMPONENT_TN_FORMAT>image/jpeg</COMPONENT_TN_FORMAT>
            </Component>
        </Dataset_Components>
    </Dataset_Content>
</Dimap_Document>